0.26819,0.1955,-0.1096,-0.096175,-0.67068,-1.0252,-1.6763,-2.4085,-2.6056,-2.1673,-1.5909,-1.5388,-0.4922,0.20063,0.67287,-0.40275,-0.93306,-0.81319,-1.5616,-1.3183,-1.1938,-0.56866,-0.72652,0.05723,-1.1961,0.18023,2.4983,2.1349,1.0133,0.20583,-0.10131,-1.0439,-0.032471,-0.40407,-0.92349,-1.4686,-0.46777,-0.020642,0.11594,-0.026831,-0.24918,-0.017129,0.39066,-1.518,-0.54637,-0.61273,-1.2563,-1.003,-0.38029,-0.72468,-0.27461,-0.29086,0.04314,-0.041979,-0.25371,-0.14263,-0.77427,0.31094,-0.31359,0.003359,0.41143,0.941,-0.35991,1.3373,1.7063,2.7029,1.3814,2.3316,0.83531,0.096056,0.042886,1.1419,0.05641,-0.5071,0.52054,0.5863,-0.12803,0.5331,0.62718,0.83184,1.0863,0.52541,-0.92767,-1.6697,-1.142,-0.53016,-1.3495,-0.61784,-1.964,-0.89041,0.065599,-0.016493,-0.27255,-0.49209,1.1888,1.3341,1.7377,2.22,1.3892,0.58206,1.1021,0.6969,0.55818,0.46022,-1.344,0.35976,1.4272,0.78706,1.4188,1.0988,0.13142,0.13136,0.93988,1.3992,2.722,2.0975,1.2644,1.1289,0.3779,0.48811
-1.7748,-1.3101,0.57046,0.24436,-0.28913,-0.7228,-0.089263,0.82108,1.9582,1.8474,0.72803,0.076289,1.2954,0.20938,-0.18156,-0.08506,-0.61505,0.84074,0.49331,0.60607,-0.42492,1.1288,0.36583,-0.84028,0.20909,1.4946,0.72723,-0.059321,0.95693,0.58635,0.9367,0.8531,0.029903,0.51991,0.32462,-1.0826,-0.9364,-0.51292,-0.26631,0.14159,-0.45748,-0.77855,-0.84669,-0.57936,0.53425,0.99789,1.5239,1.3185,-0.48049,-0.13828,0.20225,-0.75765,-1.0324,-0.34157,-0.034562,-0.25434,-0.074411,-0.43969,-0.17729,-1.2651,-1.3064,-0.75679,-0.31126,-0.76799,-0.049138,0.29225,0.40028,0.26814,-0.25346,0.33609,0.056511,0.21172,0.033334,-0.91121,-0.33729,-0.1536,0.057956,0.19812,0.061128,0.58104,1.2223,-0.47575,0.83168,-0.53692,-0.62717,0.24599,0.12157,0.75397,-0.67752,-1.1446,-0.8367,-0.64239,0.23769,0.021032,-0.33134,-0.085763,-0.67331,-0.20926,1.0894,-1.0948,0.65422,1.237,-1.3182,-2.2981,-1.8227,-2.2622,-1.4739,-0.33256,-0.48644,-0.58648,-0.75321,-1.3762,-1.357,-0.49893,-0.39778,0.23179,0.23149,1.5231,0.044845,-0.72579
0.96166,1.134,0.8019,0.2927,0.039484,1.1592,0.58512,-0.53215,-0.47224,-0.7676,-0.89929,-1.4948,-0.48413,-0.31109,-0.87801,-0.98391,0.40263,0.11331,-1.0133,-0.86001,-0.78023,-0.19691,-1.333,-0.52627,0.054424,1.3698,-0.93623,-0.58443,-0.28903,0.76364,0.51661,-0.56728,-0.16655,-1.2118,-0.55796,-0.46834,-0.13916,-0.80689,-0.18322,0.61105,0.3784,1.013,0.93495,0.68512,0.50756,0.6148,0.36076,-0.66705,0.36545,-2.0507,-2.0098,-1.2478,-1.1505,-1.3816,-1.4655,-0.62783,-0.72079,-1.3524,-2.0331,-1.8603,-2.3418,-1.5471,-2.7753,-1.3095,-1.2478,-0.087492,0.1143,-0.64551,-0.38746,0.17804,0.59662,0.23426,0.33728,0.71785,0.91806,-0.22135,0.68887,0.91266,0.78405,-0.84198,-0.89916,-0.68052,-1.399,-0.68289,-0.4532,-0.068818,-1.096,-1.6824,-1.143,-1.4221,-2.0185,-0.1906,-0.39006,-0.62426,-0.46556,-0.20006,0.66974,-0.23954,0.84182,-0.53934,0.31078,0.006604,1.4046,0.73035,-0.29359,-0.066901,-0.60866,-0.29554,-0.087242,0.56405,0.2669,0.9364,0.62251,0.32171,0.44775,-0.21533,-0.84321,-0.82467,-0.51932,-1.1379
1.1116,0.2048,-0.096262,-1.2869,-1.6545,-1.5512,-1.1105,-1.0532,0.047803,1.1885,1.6917,1.2486,0.60322,0.35947,-0.017173,-0.47468,-1.1443,-0.4928,-0.91203,-0.35265,-1.5446,-1.8381,-0.78572,-1.512,-1.5074,-2.2621,-2.113,-1.4153,-1.8908,-0.37003,-0.10084,0.78092,-0.20171,-0.58759,0.2848,1.609,0.5938,0.16309,0.85905,0.82604,-1.0526,-0.20943,-0.44704,-0.08894,0.60236,-1.2491,0.27348,-0.31396,-0.84008,-1.3228,-2.1085,-0.26764,-0.10305,-1.1188,-0.7525,-1.008,-0.32244,-0.084625,1.0904,-0.30994,0.10551,-0.10455,-1.2017,-0.76217,-0.85451,-0.3723,0.070953,-0.0011768,0.2789,0.70298,-0.031472,-0.79783,-0.56359,0.15127,0.40098,0.28849,1.0209,0.44817,0.55406,0.27376,0.53626,1.5417,0.3889,0.52125,-1.7209,-2.0756,-0.6547,-0.59288,0.2366,-0.90741,-0.54877,-0.43736,1.0583,0.68782,0.9145,0.8493,1.0891,0.25577,-0.282,-0.46273,-0.02937,0.14238,1.414,1.321,0.82322,-0.57661,-0.72182,-0.38333,1.0206,0.84131,0.74877,0.8598,0.96337,1.1216,0.85362,-0.52402,-2.126,-1.3675,-1.553,-2.2133
0.57389,-0.68631,-0.55409,-1.0197,-2.5862,-1.311,-2.7239,-1.7317,-0.48419,-0.0043022,1.2084,0.36745,-0.15264,-0.57966,-1.6839,-1.1388,-0.10483,0.55454,1.3129,0.46129,1.3313,0.04229,-0.81447,-0.19731,1.256,2.5064,2.5113,0.89024,0.91595,0.63749,0.48806,1.1313,2.1094,1.3014,1.0281,1.2461,1.1571,-0.089363,0.033759,0.27185,-0.46014,-0.73946,-0.9156,0.48578,1.364,1.7802,1.1728,0.72578,0.94017,0.43858,0.38669,-0.15444,-0.068183,0.27498,-0.61495,-1.1022,-0.48211,-0.99587,-0.38136,-0.46462,-0.088193,0.8073,0.85085,-0.1678,-0.45933,-0.44699,-0.34498,0.47232,-0.18677,-0.79022,-1.3924,-0.78154,-1.9078,-1.0023,-1.7427,-1.7813,-1.196,-1.9008,-0.96447,0.16358,-0.38683,0.69828,-0.12121,-0.014594,1.5666,0.34186,-1.1508,0.66745,1.3084,0.57681,1.4527,1.1103,0.0090571,2.1446,1.1505,1.5219,1.7032,0.45724,0.48419,0.75347,1.1165,-0.55689,-0.31562,-0.74754,-0.1736,-0.0057548,1.527,2.7512,0.45512,1.5708,1.0849,0.5057,2.5737,1.8977,1.5634,0.74315,-0.5824,0.96125,1.4938,0.44505
0.13416,0.9571,0.056271,-0.089405,-0.73363,-0.7854,-0.29354,-0.67753,-0.79175,-0.82841,-1.0315,-0.92285,-0.37409,-2.3229,-2.4093,-1.1419,-0.77084,-0.75406,-0.85484,-0.21104,0.036874,0.45718,-0.63953,-1.0652,-0.52729,-0.51404,0.37478,0.054634,-0.82641,-1.4244,-0.60915,0.71327,1.3096,0.42607,1.2758,1.1732,2.4106,1.9928,2.2312,2.2536,2.9742,3.0162,2.2723,2.3981,1.7556,1.7095,0.17198,0.23882,0.55838,0.31266,0.35971,-0.56308,-1.0949,-1.2938,-1.7999,-1.5897,-0.048825,1.0714,0.14802,0.28056,-0.079109,0.16285,0.088351,-0.80812,-0.72521,-0.87571,-0.32541,0.48752,0.10339,-0.35717,-0.47888,0.35545,1.4375,1.9466,1.3866,0.69597,-0.1961,-0.52852,-0.25573,0.55682,0.72753,0.77569,-0.87839,0.1102,0.63361,0.72044,-0.5847,0.35898,0.16714,-0.22794,-0.22089,-1.3106,-1.4125,-1.8686,-2.184,-0.85927,-0.6841,-1.0494,-0.50567,1.3569,0.28219,0.4957,-0.11292,0.52537,1.3636,1.2899,0.92752,-0.17948,0.58555,0.46846,0.21264,-0.78488,-0.30779,0.17726,-0.42774,-0.74199,0.8974,-0.71988,-0.3835,-0.043993
-1.6039,-0.573,-1.0973,-0.74363,0.8501,0.62686,0.78666,0.30736,-1.0769,-1.554,-1.7843,-1.3475,-0.42616,-0.062494,-1.2639,-0.29453,0.25346,-0.91708,-0.74603,-0.20624,-0.92389,0.40386,-0.075824,0.36694,0.43974,0.47094,2.2191,1.8992,1.18,0.66244,0.25,-0.16103,-0.091524,-0.2697,-1.5042,-0.71109,-1.62,-0.58275,-0.47117,-0.73637,-0.3106,-1.3169,-1.4055,0.041146,0.050575,0.057413,0.22259,0.96052,0.25147,-0.59714,-0.92574,-0.96481,-1.8932,-0.35879,0.64425,0.74362,0.21853,0.77736,-0.070767,0.58943,0.043138,-0.95386,-0.44219,-1.1767,0.067173,0.39418,-0.80459,0.079242,-0.13886,0.40576,0.3511,-0.66257,-2.4499,-1.0318,-0.15806,1.1441,1.1134,1.1559,0.40788,0.25771,0.033997,0.52684,0.0035829,1.6912,2.3637,2.0787,0.22043,0.30822,0.35357,0.84827,-0.6895,-0.8357,-0.51671,-0.37647,-0.10711,-0.0682,0.78089,-0.20555,-1.2337,-0.1616,-0.99148,-0.54382,-1.3681,-1.318,-1.6416,-2.3691,-1.9258,-2.6252,-2.4652,-2.8226,-2.6031,-1.4308,-1.6402,-1.2815,-0.2906,-0.4765,-0.419,-0.067754,-0.58423,0.34569
0.2373,0.40845,1.5865,1.4538,0.42545,-0.074057,0.7475,-0.14823,-0.40421,-0.032226,0.77405,-0.42383,-1.063,-2.4532,-2.2473,-2.524,-1.068,0.036928,0.7334,0.16732,1.2799,0.542,0.57747,0.20738,-1.5122,-1.1979,-1.286,-1.007,-1.1805,-0.37591,0.038021,1.1767,0.16517,-0.26186,0.13495,-0.080398,1.0892,0.1384,-0.87656,-1.9363,0.12707,0.13018,-1.379,-1.9472,-2.146,-0.53231,0.39995,-0.90187,0.49817,2.5054,1.5628,2.0943,-0.46597,-0.2959,0.039881,0.24484,-0.43996,-1.2385,-1.558,-1.5339,-1.2895,-1.4552,-1.5384,-1.2181,-0.87155,0.023052,-0.40501,-0.26255,-0.84479,-0.8373,-0.83481,-1.0041,0.78359,-0.65859,-1.8266,-1.6814,-0.62928,0.12828,-0.31336,-0.3401,-2.0064,-1.86,-0.62305,-0.10951,-0.58107,1.1449,2.375,2.1208,2.3542,2.1423,2.1909,1.2617,0.5598,0.42231,-0.57242,0.79721,1.1768,-0.07909,-0.26444,0.51547,0.070319,0.81334,0.23899,-0.14936,-0.058442,-0.85141,0.0053308,-0.17867,-0.18942,-0.22431,0.49172,0.47971,0.53432,-0.14014,-0.065288,0.44859,1.226,1.8421,1.3348,1.3632
-0.15132,0.26659,0.18632,0.62316,1.2694,1.1497,0.53824,0.26333,-0.14385,0.010125,0.85318,2.0454,1.9439,0.83847,-0.79941,0.29953,0.11673,0.33013,0.59393,0.58214,0.11388,0.42573,0.85222,-0.10566,0.96749,1.919,0.88932,1.2321,-0.53662,-0.46732,-0.48025,0.83072,-0.48519,0.043592,-0.28065,-0.48478,-0.31794,-0.9362,-1.3401,-1.2001,-0.060077,-0.32432,0.92612,1.918,0.12405,-0.68256,-0.92495,-0.26214,-0.38832,0.73473,0.9573,-0.7808,-1.5736,-1.4018,-1.1288,-1.3401,-0.77641,0.18307,0.51289,-0.038621,-0.5335,0.10005,-0.71259,-0.91305,-0.17451,-1.2157,-0.24191,-0.14566,-0.80347,-0.93202,-0.47465,-0.7801,-0.66196,-1.0142,-0.6801,-0.46913,-0.42846,0.0037547,-0.47231,-1.5181,-1.2665,-1.6652,-0.80884,-0.062571,-1.1308,0.07426,-1.0258,-0.17957,0.36408,0.97987,0.62519,0.69141,-0.34677,-0.12816,0.078748,0.014757,-1.1442,-1.6939,-1.084,-0.72662,-0.18291,-1.3003,-1.0641,-0.8388,-0.82142,-0.46392,0.28964,-0.19613,-0.094022,-0.26632,1.3777,1.0421,-0.075968,-0.076402,0.89505,-0.72803,0.057145,0.59561,0.49338,-0.061603
1.3728,0.96045,1.3692,2.0647,2.6301,2.1201,2.3886,1.318,2.5653,2.6686,3.3151,1.6448,0.60341,0.30153,2.1815,1.5276,0.76658,0.26066,1.013,1.1483,0.88843,0.20037,-0.71539,-0.24384,0.54866,0.032113,0.61522,-0.024574,0.041842,-1.1715,0.23972,-1.3332,-0.74661,-0.66939,0.086896,-0.15632,-0.063727,-0.79454,0.30637,-0.15654,-1.7379,-1.4517,-0.19696,-1.2729,-1.28,-0.9838,-1.4027,-1.5647,-2.1536,-1.9059,-1.6287,-1.5881,-1.5705,-1.6315,-0.89721,-1.5103,-1.112,-0.59389,0.31551,1.789,0.72291,-0.0039603,-0.71017,-0.81893,-1.3898,-0.82336,-0.29286,-0.15584,0.23808,0.49071,0.54309,0.94786,-0.74685,0.10136,-0.37166,-0.8679,0.22049,1.4571,0.23169,0.5894,-0.17777,-0.95486,0.1914,-0.45383,-0.75626,-0.81884,-0.46981,1.6181,0.055311,1.3853,-0.073327,0.68531,-0.091389,-0.37404,0.72974,0.67575,-0.26711,-0.0097654,-0.47549,-0.98448,-1.3379,-1.2477,-1.0533,0.31964,1.5496,1.6869,1.482,1.8585,0.80876,-0.54965,0.38375,-0.77315,-0.28195,-0.39616,-0.41167,0.60084,2.1159,2.3837,1.323,0.29617
0.51528,0.94448,0.043436,-0.50522,-1.5962,0.012705,1.1213,0.61833,0.35109,0.74041,1.9561,0.97041,0.96235,0.56966,1.0654,1.3254,0.43445,1.4732,1.2213,-0.071946,-0.22775,0.74283,0.65379,0.10334,-0.14068,-0.84949,-0.23479,-1.6887,-2.3612,0.042847,-0.57569,-1.9777,-1.1857,-1.3614,-1.8957,-1.1717,-0.56992,-0.86347,0.53255,1.9258,1.899,2.3249,4.0013,2.1095,0.80975,1.7341,1.2,1.3211,1.6401,1.7223,0.55058,1.0454,0.98443,0.69401,1.1439,1.849,0.91254,1.5531,1.0237,0.026233,-0.51124,0.095631,0.47023,1.0491,0.35075,0.63825,-0.38161,-0.2208,-0.13222,0.28249,-0.090836,-0.2317,0.89389,2.145,2.1763,2.17,0.31332,0.22143,-0.43875,-1.7511,-1.7105,-1.5225,-0.20892,-0.06751,-0.13953,0.51858,-0.26412,-0.23169,0.28935,0.53621,1.4698,-0.11785,0.59668,0.14362,-0.33944,-0.63793,1.5999,0.97608,-0.62711,-1.0338,-1.4153,-1.7329,-0.93914,-0.82192,0.4376,-1.3037,-1.6697,-1.8883,-0.69581,0.41937,-0.30049,-0.44195,-0.19609,0.67865,0.12111,-0.29296,-0.69492,-0.089714,-0.16368,-0.91966
0.53921,2.3625,2.5296,1.8402,0.5986,0.94276,-0.28546,-0.76704,-1.4594,-2.4439,-0.71581,-0.92787,0.27643,0.76818,0.59773,0.34902,-0.34224,-0.80607,-1.4517,-1.5494,-1.876,-0.54556,-0.84844,-0.7844,-1.0999,-0.43246,-0.33295,-0.037536,0.039597,-0.26746,-0.046825,-0.42957,-0.28257,-0.85449,-0.41648,-0.24727,1.5363,1.6119,0.0016699,-0.38242,0.33193,0.20422,0.80846,0.87888,-0.079507,0.32835,1.4545,0.63417,0.19389,-0.4496,0.61209,0.38552,0.77003,-0.88257,0.023638,-0.81655,0.16589,1.319,1.6618,-0.18815,0.59497,-1.3237,-0.46319,0.58277,-0.10584,-0.65501,-1.2506,-0.82856,0.14243,0.41512,1.1262,1.6192,0.5031,2.2583,1.1404,0.67026,0.30889,0.77531,0.37999,0.4691,-0.23845,-0.85295,-0.52955,-0.62759,-0.93563,-0.79859,-0.65561,-0.37352,1.3172,0.60322,0.54067,-0.39577,-0.064163,0.1042,-0.83285,0.30627,1.4725,-0.096802,0.10083,-0.84505,-1.4176,-0.65835,-0.96298,-0.007668,-1.2779,-0.65418,-2.5844,-1.93,-0.77361,1.1213,1.0559,0.60936,-0.71541,0.38479,0.62083,0.035501,-0.43528,0.13774,-1.1887,-1.0901
1.7247,1.2341,0.46265,0.010743,0.11176,-0.37965,-0.46825,-0.56307,-0.39379,0.024133,0.020136,0.29793,-0.8973,-0.15462,-0.71338,-1.0744,-0.53472,-0.46991,0.63322,0.56238,-0.15576,0.30283,-0.070988,0.024641,-0.52951,-1.1992,-0.31884,-0.94846,0.43402,0.6387,0.94866,0.015987,-0.50084,-1.1481,-0.32202,0.34208,-1.1098,-0.92147,-0.41174,-0.36591,-1.51,-0.64481,-2.4092,-1.2963,-1.6393,-0.668,-0.84751,0.31372,-0.5183,-0.17182,-0.81488,-0.9344,-0.50274,-0.64624,-2.0781,-1.5809,-0.94033,-1.158,-0.19,-0.66426,1.0088,-0.089444,-1.0579,-0.32145,-0.41987,0.082427,0.019085,0.12513,0.0093904,0.17625,-0.1971,0.070402,-0.21508,-0.27259,-1.8354,0.021998,0.3053,-0.59769,0.89262,0.80079,1.1109,0.89205,0.34837,0.66248,-0.40624,0.072589,-0.22998,-0.40832,-1.0942,-0.71607,-0.36642,0.39242,0.027431,0.14409,0.48166,0.83884,0.77178,1.4601,1.6689,2.0176,1.654,1.8975,1.4271,1.5543,0.12,0.98133,-0.51064,-0.99444,-0.12329,-0.19328,-1.3834,-0.40506,-0.025696,0.38833,0.44785,1.2461,1.082,0.28116,0.094919,-0.12327
0.59127,0.79271,0.69044,-0.80199,-0.96488,-0.37425,-0.46003,-1.7505,-2.2789,-1.3813,-0.80928,-1.0258,-0.20933,0.43842,-0.5359,-1.77,-0.99892,-0.72031,0.91218,0.2916,0.63153,0.79125,1.2912,1.6681,2.0142,1.2282,-0.21137,-0.34637,-1.6651,-1.0389,-1.2519,-1.9012,-2.8787,-2.706,-1.5931,-1.6715,-0.9678,-0.83631,-0.67889,-0.76067,-0.81116,-0.99187,-1.5827,-1.6943,-1.8843,-1.2034,-0.87667,-1.4274,-1.1624,0.038333,-1.4712,-0.042511,0.41293,0.37605,-0.0011409,-0.60575,-0.21015,-0.79659,-0.59784,0.81722,-0.15892,-0.42677,-0.97864,-0.79643,0.15462,0.42632,-0.41383,-0.59307,-0.38991,-1.466,-1.0561,-0.19041,-0.1542,-0.66426,0.87205,0.66169,-0.32141,-0.84233,-1.0672,-0.095105,-0.24691,-0.71245,-1.2638,-0.87947,-1.3821,-0.8362,-0.68358,-1.0589,0.058196,0.96604,0.75581,1.9633,1.763,2.3461,1.3649,-0.032537,0.56744,-0.53794,0.89734,0.56291,0.13484,0.43114,0.63705,-1.123,0.23434,-0.26961,0.5006,-0.12489,0.06164,1.2984,1.949,0.74938,0.90153,0.90997,0.52245,0.063748,-0.026007,0.34896,1.5384,1.3986
-0.85183,-0.63604,-0.30334,0.13328,-0.50581,-0.34345,0.63924,0.24989,-0.26938,-1.5707,-0.7362,-1.1738,-0.14278,-0.23591,-0.05868,0.31406,-0.78974,-0.02059,1.2887,1.7316,-0.7419,-0.58401,-0.3929,0.58948,0.52737,1.5863,0.94793,0.38426,1.759,1.7469,1.3441,1.1634,0.41399,-0.35764,-1.6676,-1.249,-2.0226,-0.90048,0.048142,0.61098,0.69873,-0.074032,1.6223,1.6916,1.5363,1.3122,0.8647,0.32073,0.07036,0.36151,1.4066,0.25826,-0.52687,-0.32207,-0.89698,-1.4327,-2.1406,-1.1874,-0.66358,0.4418,1.0191,0.19587,0.16712,-0.3983,-0.56891,0.36334,0.74097,-0.18185,-1.4547,-1.3955,-0.97272,-1.1688,-0.66865,0.26211,-0.050253,-0.086175,-0.19439,0.065256,-0.73327,-0.53699,-0.83257,-0.83683,-1.0909,-1.0575,-0.13618,0.47424,0.81765,0.49013,1.1248,1.4375,0.22698,-0.50928,0.054907,-0.16534,0.037336,-0.32501,0.10773,0.78492,0.78033,0.15995,0.87543,-0.013348,-0.11847,0.5841,-0.023255,-0.10705,0.44183,0.44221,0.42824,0.54754,0.55909,0.50042,-0.20212,-0.6482,-0.98518,-1.0095,-0.96398,-0.17699,-0.68418,-0.51862
-0.6184,0.35813,-1.3536,-1.2283,-0.6645,0.00551,0.12217,1.0776,0.51445,0.24833,-0.39586,-0.80994,-1.0416,-0.51376,0.33323,0.55708,0.69798,1.3451,0.099342,0.059188,0.82487,0.20108,0.32217,2.6965,2.8857,1.3839,2.0264,2.7137,0.76223,0.78771,-0.57784,-0.89282,-1.1686,0.33119,-0.070086,-0.31567,-0.60588,0.081943,1.2824,0.53037,-1.1908,-0.67627,-0.22861,-1.1628,0.045775,-0.63145,-1.0859,-0.67972,-0.78855,-1.2933,-1.5516,-1.7525,-0.28147,-1.2575,0.37591,1.1888,0.30434,0.12919,1.516,1.3825,1.9856,2.4366,0.8579,0.24228,0.03271,0.40663,0.84201,0.39637,-0.51922,-2.0356,-3.6133,-2.7029,-3.0717,-1.6345,-1.5237,0.33014,0.26111,0.44281,0.35216,0.43218,-0.18457,-0.56324,-1.3481,-0.39522,1.0914,0.14646,0.8242,1.6164,1.0661,0.87876,0.34653,0.68705,0.35866,0.6567,2.1383,1.4598,1.6914,2.0957,0.70356,1.0041,0.89034,1.0601,0.18166,-0.79419,-0.36996,-0.40035,0.4129,0.68477,0.15931,-0.29474,0.63566,0.21376,0.43467,-0.14858,0.3988,-0.42205,-0.66564,-1.1548,-0.057091,-0.62599
-0.74486,-0.44675,-0.15147,0.44152,1.328,1.422,0.35622,-0.35664,-0.72071,-0.92305,-0.0033992,0.59467,-0.49606,-1.4913,-1.5869,-1.4518,-0.34861,-0.19325,0.80941,-0.65674,-0.18667,-1.0641,-1.3185,-2.649,-0.94126,-1.6651,-0.28703,-0.87988,-0.89154,0.29229,1.6363,1.3321,1.3168,0.91453,0.95396,1.2016,1.4543,0.46366,0.10799,0.60997,0.14244,0.43471,0.74498,1.3117,1.6069,2.2814,0.21889,0.35506,1.5743,0.93862,0.0055006,-1.0212,-0.68765,-0.56466,-1.0531,-1.1008,-1.4768,-1.9799,-0.941,-0.0036509,-0.84093,0.35767,0.47382,1.665,1.2767,1.622,2.145,2.4751,3.1003,1.346,0.86008,1.9526,1.6713,2.0582,1.9658,2.1413,1.2965,0.63513,0.76762,0.19996,-0.15579,-0.066327,-2.1076,-1.1139,-0.36027,0.10483,0.41969,0.6985,0.74283,1.1136,0.63314,0.78348,1.1767,0.52342,0.30575,0.54892,0.61825,0.79132,1.2075,-0.072864,-0.34035,0.21651,-0.74112,-0.098568,0.89587,0.43702,-0.71072,0.96395,0.71695,-0.32571,0.22322,-0.85422,-0.60207,-0.75285,-1.1814,0.61804,0.53135,0.12837,1.8175,1.7176
-1.4585,-1.0993,-0.15051,0.94974,1.2691,2.2195,1.92,1.5796,2.4211,1.0023,0.40834,0.15101,-0.17332,1.109,1.6942,1.0192,0.48414,0.3352,1.0357,-0.0061907,0.053383,0.82937,1.3722,1.8627,0.77772,0.28038,0.065219,-1.5356,-1.4176,-0.23879,-0.35999,-0.2801,0.70789,0.68491,0.99028,0.13476,-0.12964,-0.38483,0.91468,0.93328,1.3808,1.9434,1.0288,0.73576,0.17018,-0.22566,-0.9062,-0.47698,-0.071362,-0.60539,0.067994,0.24516,0.60413,0.051133,-0.73732,0.56791,-0.15907,-0.63864,-0.69497,-0.64706,-0.052916,0.32979,-0.28288,-1.2076,0.018098,-0.45835,0.00071984,0.51486,-0.48494,-1.4863,-1.395,-1.4359,0.12839,-0.072037,0.65373,0.90461,0.86408,-0.49703,-0.71482,-1.5936,-0.78066,0.098178,-1.511,0.15395,0.59378,0.15006,0.53825,1.1249,0.50425,0.0228,0.22045,-0.36057,-1.2044,0.090123,1.3101,1.017,0.33569,0.62814,0.69308,1.3595,0.087039,-1.4218,-0.062103,-0.55354,-0.67009,-0.4849,0.25993,0.043731,-0.34973,1.6795,0.8494,0.45473,0.048397,-0.67401,-0.5437,-0.56446,0.078088,1.2822,1.2559,0.41752
-0.93624,-0.67352,-1.9883,-1.1872,-1.0117,0.23176,-0.31618,-0.4191,-0.6434,-0.27442,-0.45442,0.51618,1.3376,1.5371,1.2205,1.2382,0.75979,1.5985,2.0967,2.1152,1.9989,1.1194,0.088797,0.40599,0.21227,-0.15696,-0.098037,-1.2372,-1.0287,-0.3269,-1.5939,-0.71958,-0.14105,0.54779,0.94526,-0.92003,-0.83049,-0.48627,-1.7134,-0.66239,-1.1015,-0.51014,0.88429,0.48661,0.93103,0.83416,0.92508,1.9062,0.55206,0.15671,0.61531,0.48187,-1.1636,-1.2214,-2.3329,-1.47,-1.1992,-0.56073,0.3786,1.5682,0.10525,-0.13775,-0.29408,-0.9031,-0.15208,0.49969,0.47468,1.5281,0.64674,0.85201,0.80027,-0.077432,-0.62516,0.53768,0.27966,0.78819,0.70154,1.1151,1.2407,0.91245,0.42905,-0.44052,0.36498,0.2065,-0.93491,-0.70723,0.50776,0.15868,-0.71623,-0.49087,-0.9673,-0.64726,-0.9579,-1.6448,-0.36097,-0.48202,-0.8632,-0.12359,0.09066,-0.6699,-0.096596,-0.16657,-1.8897,-0.72415,-1.3736,-0.27915,0.31887,0.2244,-0.016781,0.10692,0.5054,-0.62578,1.0838,-0.87314,-1.1695,-0.58796,0.0017851,-0.36831,0.16277,0.030063
0.37095,0.19734,-0.15519,-0.17925,-0.90172,-0.0086173,-1.7269,-2.4876,-1.5383,-2.1984,-1.1861,-0.73418,-1.3913,-1.2791,-1.2944,-0.35609,0.64968,0.076354,-0.10356,0.38485,-0.305,0.51553,0.74125,-0.3285,0.0026339,0.9352,-0.37165,-0.96958,0.21106,0.93737,0.85436,0.93919,-0.58605,-0.92016,0.2043,0.64268,0.34773,-0.6129,-0.81293,-0.59903,-1.1016,0.39292,0.77631,0.060699,0.10531,0.98994,1.5227,1.4615,2.6491,1.357,1.897,1.571,1.1888,0.72968,0.69555,1.268,1.3861,1.3182,1.3199,-0.060012,-0.19966,0.51601,0.56489,0.40829,-0.072674,-0.80546,-1.6366,-0.11172,-0.9806,-0.37856,0.33367,-0.96794,-1.1333,-1.3267,-1.0569,-2.1884,-1.4461,-0.66753,-0.22089,-0.72852,-0.52506,-1.0139,-0.90559,-0.61197,-0.67331,-0.61684,-1.5404,-1.4815,-0.10603,0.22733,0.57335,-0.075691,-0.3932,-1.1319,-0.6559,-0.49388,-0.52523,-0.24341,0.35741,0.030538,-0.24878,-0.53603,0.18651,0.73752,-0.40447,-0.34304,-0.34987,-0.069274,-0.41927,-1.3775,-1.1485,-0.21724,-0.099613,-0.68594,-1.2091,-0.58432,-0.89282,-1.9898,-1.45,0.15834
1.3043,0.80705,0.85824,0.54437,-0.022219,-1.137,-1.1919,-0.83686,-0.38995,0.09867,-1.5134,-0.79052,-1.4582,-1.344,-1.5161,-0.49099,-0.31305,-0.072765,0.22106,0.95584,1.5384,1.0641,0.40371,1.1195,1.1477,1.5653,1.705,2.1116,2.0463,0.80721,0.18855,0.93854,1.062,1.3941,0.51568,0.094983,0.9302,1.6516,2.1422,1.5756,2.0237,2.6274,0.71499,0.26487,-0.87189,-0.85043,-0.053965,-0.84123,0.21141,0.21382,-1.2194,-1.8131,-1.3897,-1.3271,-2.2735,-0.33668,0.062691,-0.035586,0.91864,0.35584,1.4129,1.707,1.964,0.80462,0.41398,-0.0696,-1.3291,-1.803,-2.3995,-1.5259,-1.0102,-0.13101,-1.223,-0.71973,-0.42115,-0.52374,-0.054092,1.2838,1.0398,0.51476,0.47376,0.041559,1.185,0.82161,1.0696,0.14833,-0.18489,1.3664,1.2514,0.38037,0.60675,0.66263,1.3781,1.9526,1.0618,1.9199,1.2533,-0.40091,-1.1004,1.1917,-0.016034,-0.53602,-0.10917,1.777,1.9254,0.93635,0.50198,0.32874,0.57459,0.82045,-1.3385,-0.70184,-1.4315,-0.94327,-0.89037,-2.0447,-2.647,-2.838,-1.7573,-2.2287
-0.53737,0.083716,-0.39348,-1.2105,-1.3266,-0.44578,-1.2145,-0.56796,-1.2632,-0.51845,0.41513,-0.31595,-0.16526,0.83661,0.31279,0.31923,0.15596,0.43575,0.16052,0.44733,-0.38932,-0.52539,0.8152,1.1379,-0.13463,0.33274,0.64155,-0.38778,-1.4046,-0.83842,-0.91795,-0.25053,1.0771,1.5301,1.3134,-0.23822,-2.0809,-1.5686,-1.8144,-2.0311,-3.157,-2.0113,-1.7366,-1.1703,-1.7604,-1.4642,-1.4915,-1.503,-1.3446,-1.0498,-1.255,-1.0421,-0.34557,-1.4614,-1.3395,-1.3296,-1.1898,0.13894,0.58692,1.2368,1.8661,2.1571,1.1516,1.0827,1.437,1.036,-0.18571,-0.31871,-0.72068,0.085691,1.1698,1.4102,0.73719,-0.73713,-0.36015,0.018872,0.62739,0.76086,0.50719,0.095613,1.0741,-0.3847,0.31597,-0.54315,0.66586,0.40442,0.67221,0.6137,1.3008,1.9296,1.7349,2.2459,1.0468,1.021,0.90913,0.72576,0.98257,0.81801,0.4389,-0.47038,0.75408,1.4393,2.0017,1.0335,1.1547,2.4442,0.57626,0.7768,1.3591,0.34991,0.063617,-0.77289,-1.7624,-2.2845,-1.2063,-2.4437,-1.9698,-1.4309,0.39949,0.42184
-0.72295,-1.5114,-1.2257,-0.0098439,-0.53583,-1.3039,-0.23242,-0.74702,0.077771,0.12353,-0.34912,0.41106,0.30612,-0.33403,0.21615,0.086961,-0.71182,-0.14244,-0.8611,-0.73392,0.31193,0.36757,0.97494,2.0805,2.1801,2.8992,2.4144,1.3157,1.6429,0.82791,0.44799,-0.89127,0.4476,-0.19784,0.34942,0.86957,-1.1201,-1.2653,-0.8582,-1.296,-1.6862,-1.5686,-0.96948,-1.2837,-1.1783,-1.8809,-0.57373,-0.71511,0.77546,0.9028,1.0041,1.2496,0.50992,0.68007,0.72451,0.17761,0.0015052,-0.98749,-0.20985,1.178,1.0044,0.39652,0.6896,1.2462,1.7776,2.3082,1.0494,0.85957,1.4815,0.50448,1.1046,1.2221,0.75969,1.217,1.1314,1.0199,1.2234,1.4051,0.77144,0.75309,0.30498,1.1045,1.5589,1.3205,-0.19102,-0.25994,-0.10593,-1.0757,-0.6584,-0.17814,0.1764,1.0542,1.2272,-0.47537,-1.1297,-0.66087,1.1857,1.3894,2.4771,3.1643,1.7894,2.0726,-0.20816,-0.64151,-0.95065,0.043202,-0.54141,-1.5843,-0.44448,-0.61037,0.29329,0.30821,-0.28306,0.15639,1.3883,0.64427,0.045792,0.80245,0.0073038,0.039626
0.4584,-0.32755,0.46743,1.1428,0.40711,1.7963,1.2952,1.7394,0.64106,0.22552,0.57118,0.23025,0.26525,-1.0182,-0.47944,-0.014594,0.043575,0.83875,0.92469,1.3885,0.64118,0.028241,-1.3859,-1.2433,-1.5374,0.14238,1.0045,0.54925,0.31759,-0.07789,0.26812,1.6027,0.84309,0.81278,1.4381,1.386,1.758,2.0244,1.133,0.49872,0.18542,0.63876,-0.11696,-1.1419,-0.75174,-0.73045,0.11517,0.86198,0.87805,1.0022,0.561,0.57873,-1.0484,-1.1301,-1.2409,-1.0284,-0.84573,-0.80449,-1.7353,-2.346,-0.99293,-1.3114,-0.61217,-0.29845,-1.5365,-0.91791,0.30889,-0.49733,-1.3125,-1.4875,-1.6493,-0.40001,-0.33587,-1.1757,-1.3971,-2.3941,-2.8543,-3.4105,-2.3081,-1.4426,-0.46783,0.067492,0.5692,1.1357,0.4313,-0.41767,0.17266,-0.15814,-0.28757,-0.14468,-1.7543,-2.5411,-0.97917,-1.147,-0.43803,0.18023,0.48458,0.77728,-0.18867,0.24769,-0.11628,0.037133,0.38453,0.89895,-0.74889,0.0036045,-0.10207,-0.41676,0.28144,-0.85752,-1.2005,-1.0215,-1.9634,-1.282,-0.71929,-0.82582,-0.084291,1.025,0.3976,-0.83026
1.4819,0.77108,-0.13382,-0.15966,0.37856,-0.51021,-0.75203,-1.2713,-1.0023,0.37621,-1.3491,-0.036011,0.11571,0.7685,-0.45476,0.43423,-0.3106,0.67684,-0.64005,0.097799,0.13349,-0.71616,-0.5059,0.074988,-1.1888,-1.0091,-0.51414,-0.98977,-1.1145,-0.18214,-1.0054,-0.48641,-0.27333,0.24777,-0.5316,-1.1545,0.15074,0.041789,1.0752,1.5098,1.3612,2.2388,1.731,0.70058,1.0307,1.0602,0.88754,-0.32809,0.4496,0.85562,-0.97483,-0.357,2.1971,1.8495,0.54439,1.1026,1.7623,0.29203,-0.1977,-1.4042,-0.73537,0.68968,-0.11973,1.153,1.4176,1.6263,0.51061,0.033383,-0.21524,-0.29788,-0.20755,-0.21082,0.9084,0.79327,1.133,1.1811,1.8772,1.8493,0.58835,-0.1893,0.53976,-0.0029033,-0.80945,-2.3247,-1.6066,-1.149,-1.762,-0.87239,-0.22447,0.086967,-0.62235,-2.1442,-2.0647,-0.8572,-0.74057,-0.11165,1.739,0.40459,0.041018,0.72864,1.4981,1.5731,0.87199,0.96852,1.1077,0.35754,-0.30605,-0.23997,-0.84944,-1.6949,-0.29719,0.32477,0.72336,-0.15937,-0.74677,-2.0043,-1.5748,-0.65783,-0.20166,0.059906
0.95472,-1.2686,-0.64742,-0.23043,0.27482,-0.64941,-0.59108,-1.2782,-1.1548,-1.6424,-2.1238,-1.1619,-1.8814,-1.4273,-1.4741,-0.65229,-0.68503,-0.41869,-0.84524,0.19015,0.32359,0.96219,0.34313,0.19276,0.0051809,0.56887,0.10363,1.168,0.52564,1.3319,1.7097,1.4141,1.1479,-0.27697,-0.53854,-0.50975,-1.1634,0.057687,-0.24886,0.33763,-0.91065,-1.1279,-0.46517,-0.72503,0.56541,-0.85165,-1.372,-1.2785,-1.2912,-0.81864,-0.81479,-0.4753,-0.17687,0.21177,0.29769,0.6672,1.3879,1.6544,1.4329,0.67083,0.60829,0.99266,-0.15105,0.0085509,-0.43263,-0.065662,-0.91398,-1.0039,-1.0687,-0.75494,-0.42493,-0.11807,-0.6862,-0.7056,0.47867,0.84899,-0.15567,0.54133,1.9036,0.44324,0.18537,-0.33602,0.11173,-0.4352,0.41497,0.51728,-0.053668,-0.98159,-1.1005,-0.49342,0.21002,0.46626,0.75979,0.86902,1.3294,-0.75825,-0.14436,0.24544,-0.087632,0.26678,0.73545,0.78813,-0.0027583,0.66087,0.98609,1.9669,0.40953,-0.33866,-0.043132,0.251,-0.15425,0.98153,1.6877,1.1244,1.4838,1.3295,0.75459,1.0167,2.4856,1.0456
1.1017,1.212,1.7422,1.8452,1.2716,1.5367,0.52239,-0.28432,0.24225,-1.023,0.20845,0.31343,0.51407,-0.26829,-1.1237,-0.87898,0.66232,0.38905,-0.76621,-0.60664,0.78372,0.96181,0.66028,-0.12884,0.6678,-0.2664,-0.64134,-0.31447,-1.233,-0.90254,0.16057,0.97537,1.1642,0.11945,-0.26259,1.2883,1.9504,0.79829,0.5949,-0.0055669,0.78163,0.12297,-0.39214,-1.3317,-0.81931,-1.3859,-1.9805,-0.019696,0.7063,-0.81194,0.042835,-0.49956,0.54508,-0.0015029,0.35759,-0.41382,-0.57506,0.17809,0.38518,-1.1184,-1.9708,-1.3118,-0.087117,-0.90395,-0.63489,-0.72067,-0.58052,-0.26797,-1.042,-1.258,-1.2084,-1.6191,-0.16639,-0.68089,-2.0997,-1.7594,-1.6516,-2.8611,-1.6644,-0.085207,-0.38328,-0.30589,-0.89855,-0.4772,-1.5235,-0.77721,-0.26277,-1.1989,-2.0337,-2.0271,-1.4223,-1.4194,-1.7251,-1.0072,-1.8545,-0.87154,-0.10185,0.70826,0.57711,0.45741,0.10844,0.50794,0.22372,0.95142,0.5071,0.85223,0.26993,0.25064,1.5958,0.93182,1.7017,0.22745,-0.70421,-0.00052954,-0.74449,0.19097,-0.86629,-1.0764,-1.1291,-0.26539
1.2387,0.9561,1.8016,0.71089,0.39128,1.2151,1.1711,0.97662,0.70254,-0.36491,0.4534,-0.98192,0.04583,-0.068085,-0.32709,-0.14115,0.29729,0.14688,0.021019,0.27519,-1.5523,-1.7274,-1.3758,-0.23411,0.25023,0.087895,-0.91869,-1.172,-0.096255,-1.0391,-0.44149,-0.10004,-0.60129,-0.80441,-1.3189,-2.6028,-2.3626,-1.5572,-0.9513,-1.0618,-0.74932,-1.2192,-0.60473,0.0015999,-0.48332,-0.84076,-0.38107,0.13914,0.14162,-1.3968,-0.67027,0.55625,1.5751,-0.081137,0.7674,1.4213,-0.43729,-0.29925,0.15424,1.2527,0.582,0.76649,1.1586,-0.4056,-0.84233,-0.99052,-0.69163,-1.0837,-0.1693,0.42406,0.87978,0.17773,0.058795,1.8363,0.90125,0.35241,0.43231,-0.29327,-0.10949,0.023872,0.13278,0.098635,0.65873,0.19682,-0.017832,-0.64447,-0.52719,0.23036,0.055931,-0.20122,0.53727,1.033,1.387,1.5361,1.8134,2.9054,2.104,0.25471,1.2482,0.8865,0.7066,0.20608,-0.69173,-0.13574,-0.47842,1.0838,1.1324,0.8881,0.19089,-0.4712,-1.0619,-2.4122,-1.3673,-1.5897,0.061893,0.12561,0.545,0.33924,-1.6268,-0.62894
-2.0356,-1.8004,-1.0589,-0.40736,0.40855,0.476,0.40804,0.18674,-0.24823,-0.038215,0.5257,0.35514,0.2538,0.65949,-0.66869,-1.1237,-0.66592,-1.1041,-1.0837,-0.53009,0.65942,-0.03497,-0.89062,0.061132,0.87978,-0.30748,0.27158,-0.51922,-0.99155,-0.96412,-0.8928,0.61736,1.141,2.6516,1.2652,0.48164,-0.73244,-1.6205,-0.36044,1.0908,-0.18775,1.7041,0.46846,-0.045986,0.37691,0.25952,0.12856,0.43006,0.27715,-0.39196,0.97399,0.66764,0.9665,0.55961,0.81333,1.0118,0.58185,0.82857,1.3916,0.29394,0.70308,0.64164,-1.5815,-2.0767,-1.2989,-1.4795,-0.49357,-0.99514,-0.92856,-0.19146,0.76615,0.12608,0.65078,0.34209,-0.59536,-0.064443,-0.010575,1.1503,2.1523,1.7415,0.51351,-0.066457,0.68753,-0.54221,-1.0018,-0.64169,0.019114,0.2268,0.30721,-1.0399,-1.9013,-1.9285,-0.9057,0.8457,0.96587,0.78322,0.98371,0.2266,-0.27789,0.34939,0.24618,0.39883,0.75327,0.38639,1.2311,0.56015,1.31,0.34606,0.85474,0.79371,0.02874,-0.534,-0.29435,0.25895,-0.83747,0.096867,-0.33111,-0.56754,-1.0909,0.169
-1.0844,-0.72978,0.15007,-0.013483,-1.2396,-2.1837,-3.1633,-0.86898,-0.37895,0.26184,-0.49273,-0.21921,-0.15541,0.66522,0.5117,0.32645,-0.053886,1.0779,1.0885,2.5745,1.706,1.2126,1.081,1.4651,1.5373,0.82858,1.5844,1.7645,1.542,0.7692,-0.55122,-1.5399,0.28464,1.067,0.37819,-0.80836,-0.86545,0.20359,0.56152,0.22966,0.60344,1.1756,-0.60944,-0.62975,-0.73998,0.24407,0.047818,0.60352,0.84255,0.068832,0.095393,-0.13217,0.92934,-0.067809,0.97742,0.11819,0.53469,-0.095078,-0.32863,0.48363,1.2297,1.0495,-0.12217,0.42247,1.0633,1.2317,0.095907,0.088704,-0.46891,-0.81106,-0.87053,0.0079258,-0.3221,0.84265,1.1319,0.50479,0.69901,1.4154,1.0926,-0.15784,-0.55095,-0.20166,-0.72098,-0.072655,-0.065131,1.3344,0.27163,1.483,0.57136,-0.32753,-0.5995,-1.4629,-1.5095,-0.99164,-0.072258,-0.076147,0.63464,1.1495,-0.040794,1.1623,0.66156,0.65985,-0.43617,-0.3837,-0.86462,-0.90265,-0.96984,-0.39246,0.19242,0.015944,0.5375,0.81615,0.76131,1.5612,0.84344,2.4148,1.4819,1.3102,0.98023,1.7251
0.45042,0.79516,1.571,1.1381,2.4167,2.1969,2.2398,2.5855,2.338,1.7321,0.47819,-0.36623,-0.0073987,0.33555,-0.16947,0.32637,-0.099789,0.97006,0.46267,0.53159,-1.3742,-0.34978,-0.99527,-0.16693,0.14648,0.36237,0.97984,-0.73517,-1.0254,-1.6235,-1.2399,-0.67201,-2.1656,-1.2977,-1.9992,-1.0601,0.015772,0.0054584,-0.89008,-0.86719,-1.0442,-0.42767,0.26528,-0.51694,-0.12171,-1.7537,-0.87989,-1.3616,-0.96358,-1.8544,-0.63616,0.17043,0.88067,1.5983,-0.013092,-0.53756,1.0068,0.96139,1.3811,0.046865,0.052233,0.58943,1.7256,1.8104,0.82569,1.776,1.4818,0.22008,0.57091,0.87081,-0.67449,-1.4425,-1.2104,-0.80747,0.035978,-0.71258,0.028511,-0.44004,-1.0884,-0.81383,0.51118,1.3203,0.46935,0.95063,1.4369,1.7072,2.0209,2.1416,1.5405,1.2481,1.1056,1.1015,0.14073,0.5744,0.89564,0.91136,-0.19303,-1.2411,-1.1366,-0.019329,0.27506,-0.08041,0.82121,-0.15886,-0.12103,-0.33631,-0.45448,-0.68674,1.1673,0.75997,0.49053,-0.14077,0.20084,-0.32978,-1.0431,-0.56003,-0.33561,0.28229,-0.1847,0.63031
2.1879,1.6749,1.8579,-0.13593,0.58195,1.7827,1.3373,0.80905,0.037895,0.069947,-0.82676,-0.2062,-0.93311,0.46833,0.84896,0.48545,1.3024,1.7987,1.22,0.4483,-0.24518,0.30311,-0.06531,0.64056,0.65895,-0.30792,-0.56194,-1.1519,-1.7764,-2.2059,-1.3498,-0.39379,-0.61567,0.096001,-0.51725,-0.83834,-1.1624,-0.27088,0.27329,-0.53413,-0.32147,-0.98966,-0.94778,0.32947,-0.53859,-0.53869,1.0183,1.5045,1.4225,1.4306,2.3296,1.4116,1.5052,0.18394,-1.3358,-2.6219,-0.40589,-0.23452,-0.12889,0.60037,1.3554,0.99132,0.15831,-0.12117,0.47641,1.9211,2.3506,1.7535,0.9191,0.55628,0.9067,0.022202,1.1196,-0.032671,0.96649,0.68274,0.45395,0.78295,0.80262,-0.65685,0.12958,-0.15569,0.55587,0.092513,-0.27118,-1.0661,0.064269,-0.49586,-0.62932,0.07258,0.23408,1.3528,1.1616,1.7817,1.8679,0.34513,1.4504,0.6832,0.87801,-0.36866,0.29706,-0.39609,-0.60588,0.74322,0.74127,-0.086553,-0.88971,-1.4367,-2.2135,-1.68,-0.65162,-0.1035,-0.2654,-0.12347,-0.39406,-0.19139,-0.71647,-0.15343,-0.72194,0.43466
0.34278,-0.26434,0.11917,1.5496,1.5062,0.78063,0.78828,0.60268,0.23101,-0.39147,-0.10521,-0.31223,-0.17091,-1.3969,-0.31579,0.43134,1.9562,2.3203,2.6078,2.0404,1.0836,1.231,0.76584,0.42578,-0.28949,-0.39112,-0.71827,-1.0226,-0.99126,-0.42126,-0.11742,0.31848,-0.14761,-1.9078,-0.20461,0.015797,-0.22233,-0.071856,0.34785,1.2055,0.48626,-1.4074,0.38071,-0.24203,-1.2031,-2.043,-1.6017,-0.0056861,0.59573,-0.040209,0.26088,0.3183,0.070679,-0.68514,0.2062,-0.26293,-0.96305,-1.3925,-0.40446,-0.37126,0.35762,-0.4397,-0.29909,1.1201,0.83598,0.44053,0.40976,0.43658,0.68524,1.2468,0.69726,0.39094,1.1525,1.5276,0.84999,1.0921,1.0612,1.374,0.54069,1.4609,0.16814,0.9238,0.28006,1.0012,1.9072,1.3423,1.5356,1.0025,1.0459,-0.35163,0.75723,0.53722,-0.40675,-0.20465,0.10744,-0.03608,-0.97005,-0.55248,-0.13742,-0.33577,-1.9277,-2.8575,-1.7491,-1.1491,-1.187,-0.3302,-0.20982,-0.53595,-0.008544,0.75836,0.56756,-0.304,-0.13935,0.55156,0.78791,0.99273,-0.17114,-0.33454,-0.56203,-0.29059
-1.8651,-1.477,0.27912,1.1254,1.3931,1.1872,0.51178,0.36745,0.51094,0.80072,0.9717,-0.11962,0.66587,-0.30602,-0.020671,-0.27907,-0.52795,-0.23503,0.77511,0.38842,1.1815,-0.12091,0.48782,-0.1544,0.36274,-2.4876,-2.134,0.20849,-0.68113,0.12043,-0.053225,-0.22532,-0.31609,-0.30326,-0.58591,-0.97438,-0.57376,-0.50228,-1.1146,-0.28538,0.15068,0.81203,0.48485,0.085688,-0.64583,-0.77423,0.19325,-1.3974,-1.7872,-2.1505,-0.84584,-1.2005,-0.25107,-0.081507,0.36482,0.83637,1.3273,0.35273,-0.70939,-0.79323,-0.5865,0.76881,1.7031,0.72398,1.5644,0.25356,1.596,0.67438,1.0699,0.86357,1.9043,0.80445,-0.16209,0.29596,0.10337,-0.031594,-0.10379,-0.16484,-0.70083,-1.1243,-1.4465,-0.5907,0.014514,1.1295,1.3945,0.21816,-0.080735,-0.20544,-1.3186,-0.14467,0.25407,-1.6933,-0.20438,0.22441,0.58945,1.349,0.17877,0.63212,0.22055,1.579,2.7979,1.3621,0.37503,0.13689,-0.51163,0.57414,-0.00024763,0.78992,-0.50017,-0.78727,-1.061,-0.75296,0.2822,-0.13611,1.2083,-0.47836,-0.93935,-0.040134,-2.2141,-1.9178
-1.4264,-1.5563,-1.2448,-1.0953,-0.65419,-0.20753,-1.0583,-0.31551,0.15161,-0.20081,-0.20699,-0.30538,0.31394,-0.25823,0.12932,-0.50215,-0.73523,-2.245,-1.1178,-0.64309,-0.17137,0.24985,0.63216,-0.67097,-2.2249,-1.6969,-0.69946,-0.0013331,-0.0019974,0.39345,-0.21237,-1.1352,0.15008,-0.30577,-1.1701,-1.1364,-1.1448,0.42725,0.70973,0.62103,0.5246,1.1992,-0.044433,1.0699,-0.35336,-0.75925,-0.42003,0.033367,-0.95841,-1.3121,-0.16557,-0.33719,-0.10007,-0.041007,0.63056,1.4289,0.25133,0.50135,0.60253,0.44566,0.91908,0.88385,0.55715,0.25368,0.33449,-0.9181,0.070168,0.63643,0.47469,0.51459,0.50445,0.56424,0.32549,0.24749,0.39636,-0.15393,-0.16763,-0.83876,-1.5113,-1.5189,-0.78935,-1.919,-0.66406,0.99038,-0.0072647,-0.45842,-0.58181,-0.77278,-0.12026,0.91691,-0.19039,-0.20371,-0.18199,0.49112,0.15151,-0.035141,-0.9207,-1.1659,-0.2114,-0.032535,-0.89202,-0.2018,-0.058698,-1.3373,-0.50188,-0.70329,-1.0614,-0.87868,-1.5071,-0.76676,-0.29067,-0.73593,-2.0013,0.074616,-0.84519,-0.3219,-0.018644,0.43406,0.15327,0.18318
-1.8349,-0.48817,-0.080528,-0.86305,-0.28011,-0.2124,-0.5554,-0.56314,-0.89794,0.63966,-0.88146,0.2868,0.11912,-1.2713,-1.8726,-1.7721,-0.45952,-1.943,-0.69232,0.049481,-0.23018,-0.78117,-0.93346,-1.5559,-1.8455,-0.5501,-1.5517,-1.769,-1.0479,-0.91678,-0.31921,-0.32904,-0.65613,-0.60435,0.065983,-0.96131,-1.2967,0.38465,0.4544,0.11387,-0.50447,-0.88549,0.010828,1.3443,1.1257,-0.43577,-0.37866,-1.2809,-1.3111,0.10615,-0.22035,0.87814,0.77322,-0.031111,-0.080096,-0.93745,-0.71266,-1.5761,-0.8286,-0.42102,-0.11184,0.83702,1.5344,-0.10854,0.74063,0.93655,0.82185,-0.45448,-1.3601,-1.2205,-0.50233,-0.85566,0.076584,0.65981,0.58865,-0.63062,-0.0087754,0.41196,1.0676,1.7304,0.84534,1.7889,0.78951,1.1858,0.96184,1.3247,0.85325,0.72832,-0.56472,-1.3672,-0.60316,-1.0057,-1.6201,-1.1537,0.59076,1.3108,0.3334,1.1808,0.48567,0.42962,0.29035,0.23708,-0.83432,-0.23035,0.86348,1.0315,0.85013,-0.1935,0.014057,0.91758,0.12974,-0.01195,-0.10853,1.454,1.0591,0.71893,0.33282,-0.036486,-0.16785,-0.46735
1.3109,2.1709,1.2825,0.76807,-0.25647,0.40504,0.18073,-0.55637,-0.15339,-0.64803,0.64597,0.93678,0.77844,1.1543,-0.16774,-1.8584,-0.62204,0.014157,0.8538,0.49443,0.6535,-0.14917,0.43791,-0.64551,-0.14492,0.62258,0.29076,0.48032,1.7208,2.2016,1.6692,2.1199,2.0756,1.708,1.4648,0.83957,0.73573,0.24275,1.0967,0.33394,-0.090651,0.047363,0.51435,0.39215,0.87232,0.4415,-0.84388,-1.2709,-1.1905,-1.761,-0.67339,-0.19944,-0.37375,0.6672,-0.62741,-0.34514,-0.98359,-0.081149,1.0152,0.081267,0.10959,-0.83019,-0.32475,0.23961,-0.91427,-0.18131,-0.35042,-0.34602,-0.85368,-1.1067,-1.4065,-2.4199,-1.7021,0.047538,0.27587,1.4505,0.99966,0.79272,0.17617,0.68202,0.67426,0.28996,0.93438,0.84972,0.92431,0.30831,0.61812,-0.31514,-1.0258,0.45618,2.3239,3.7949,3.0992,2.9568,2.945,2.1494,0.8514,1.2046,0.42291,0.10983,-0.60098,-0.048184,2.1579,1.4135,0.42017,1.155,1.3427,0.78547,-0.47983,-0.32967,-1.2254,0.75211,0.092254,-0.3371,-0.10237,0.49194,-0.76049,-0.0010713,-0.86858,0.69614
1.3168,1.123,0.95859,0.96749,-0.76861,0.30684,1.7727,2.2874,2.2864,3.7762,1.1175,1.0387,-0.54907,-0.64522,-0.51526,-1.0134,-0.48028,-0.48665,0.019999,-0.34156,-0.98839,-0.10784,0.26883,1.3362,-0.53313,0.24608,0.43297,0.10373,-0.37469,0.13235,-0.23641,-0.28827,0.042537,-0.67382,0.66997,-0.26537,0.96239,1.6892,1.3325,1.1232,1.4574,1.178,1.1215,1.4543,0.57914,-0.1736,0.12965,-0.34189,0.35638,0.49665,0.35381,-0.098251,-0.32335,-0.082877,0.96359,-0.68377,-0.070369,0.37965,-0.69989,-0.9921,0.24059,-0.19234,-0.16246,0.93464,-0.30216,-0.5849,0.9502,0.71521,0.55776,1.3082,1.0413,0.55303,1.4161,1.6252,2.7745,3.5736,1.3644,1.1661,2.0742,1.884,0.7063,-0.017924,0.36795,1.1197,-0.62639,-0.087059,-0.37265,-0.099439,-0.80114,-0.88298,-0.82059,-1.4112,-0.097991,-0.37043,-0.78891,-0.19823,0.87566,0.88394,1.0459,-0.033521,0.098464,0.8218,0.67421,-0.66197,-0.39344,-0.95736,-0.50487,-0.75491,-0.11364,-1.0137,-1.3585,0.037292,0.10108,0.70032,0.56437,1.5126,1.3828,1.1016,1.3403,1.2837
0.86548,1.0134,1.2616,-0.25268,0.51336,0.42663,-0.542,-1.2797,-0.16859,0.49266,-0.064866,-0.48531,-0.60694,-0.63587,1.5402,0.37101,1.1962,-0.44075,-1.0843,-1.0504,0.88843,-0.30093,-1.8245,-2.1399,-0.69605,-1.9093,-1.6904,-0.49393,-1.2349,-0.46359,-0.67587,-0.011908,-0.02824,1.0542,1.4729,1.7007,1.9945,1.0257,0.69974,0.38642,-1.548,-0.46242,-0.3211,0.94653,0.50652,-0.34782,0.4677,1.3856,1.4468,0.81828,0.15839,0.54735,0.10553,0.0085543,-0.19987,-0.66657,-1.0211,-0.43809,-0.33595,-0.050863,-0.63231,-0.58801,-1.1257,-0.46539,-0.11392,-0.20629,-0.20213,-0.23072,-0.65588,-0.3348,-0.86696,-1.1375,-1.2066,-1.251,-0.43038,-1.1778,-1.6411,-0.91317,-0.46248,-0.94392,-0.6433,-0.22219,-1.4411,-0.30372,0.22655,1.0468,1.4501,1.2071,2.1196,1.9604,1.4324,1.8073,1.3725,0.17907,-0.57755,-0.26957,0.47068,-0.42727,0.20344,0.19588,-0.46273,-0.78745,-0.45674,-0.81989,-0.20506,0.72659,-0.40446,-0.38037,-0.27703,-0.088721,-0.02121,-0.48046,-1.3409,-1.964,-1.052,-0.39405,-0.10077,0.019943,1.7482,1.5634
-1.6513,-1.3091,-0.46927,0.33419,1.9408,2.7039,2.0251,1.3552,1.0357,0.74946,0.89361,1.1819,-0.58297,-1.4047,-1.234,-0.55034,-1.7762,-1.1276,-1.6816,-1.1223,-0.61233,-1.147,-0.74338,0.55091,-0.11459,0.013106,-1.2907,-1.1457,-1.1603,-0.7091,-0.07334,-0.45469,-1.0071,0.24301,-0.78691,-0.12517,-0.61176,-0.53935,0.23211,0.91752,1.731,1.6411,1.377,0.2432,-1.0777,-1.0638,-0.71909,-0.86439,-0.94018,-1.1166,-1.1189,-0.62371,-0.55432,0.2803,-0.42092,0.74893,-0.08046,-0.33184,-0.090674,-0.19872,0.86915,0.21361,1.7151,0.86806,0.70138,-0.38748,-0.93165,-0.052915,-0.67365,0.72366,1.6135,0.5913,1.4179,0.32916,0.57577,0.78444,0.31617,-0.7853,-0.91888,0.41521,0.051604,0.33787,0.15706,0.81159,0.93303,2.4089,1.9786,1.5296,0.70043,1.1908,0.81992,0.8028,0.18164,0.10154,-0.95953,-1.143,-0.27975,-0.18479,-0.99666,0.10314,-0.87266,-0.6759,0.14566,-0.33264,1.9836e-05,-0.021635,0.087079,0.93699,-0.045597,-1.003,-1.14,-0.19333,0.21331,0.36583,-1.2471,-0.56,0.97533,0.93055,0.50225,-0.11607
0.54494,-0.1505,-0.95907,-1.1253,-1.4938,-0.41929,0.032196,0.80227,1.3941,2.1208,-0.39709,-1.1062,-2.6036,-1.882,0.31138,0.52014,1.9432,1.1213,0.8953,0.34881,-0.25096,-0.73318,-0.52146,-1.1738,-1.143,1.1823,1.6415,0.34765,1.4167,1.3325,0.6972,0.44575,0.98923,0.83451,0.98336,-0.51424,0.45716,-0.42169,-1.6605,-2.1396,-2.2064,-3.0978,-2.9193,-2.1826,-1.0521,-0.039373,0.065286,0.84465,0.87061,-0.074518,-0.34996,-1.1618,0.0079594,1.9576,1.2692,0.078527,0.71579,0.056445,0.83428,1.0473,1.3448,1.5475,0.84369,1.5716,1.0845,0.63622,0.42323,0.27835,0.67155,-0.36757,-0.68023,1.026,0.086096,0.73902,0.063848,-0.35999,-0.56074,0.079408,-0.26941,-0.54172,0.19126,0.42181,0.70804,0.86411,0.46514,0.16531,0.020422,0.78332,-0.64781,-0.69685,0.8084,0.65077,1.3747,0.57385,0.48995,0.72,0.24543,0.50495,-0.012154,-0.8078,-1.2389,-0.33554,-0.39885,-1.1372,-1.0116,0.27699,1.4,0.32554,0.95118,0.82519,0.2956,-0.44564,0.30902,-0.53567,-1.0188,-1.4671,-0.41973,-0.83921,-0.52251,0.6106
0.92707,-0.20732,-1.5713,-0.69698,-0.99439,-0.079678,1.1011,-0.41948,-0.14072,0.85697,-0.39818,-0.24682,0.13452,0.85534,0.50245,0.71282,0.40023,1.3756,0.68598,-0.13815,0.43764,0.6772,-0.055212,0.15879,-0.24491,-1.6782,-1.1839,-0.62868,0.50075,0.68328,-1.1272,-1.3343,-0.34612,-0.088576,-1.1942,-0.81156,-0.65453,-0.55517,0.89715,0.74664,0.28292,2.6868,0.26685,-0.8383,-1.5209,-1.4141,-2.3,-2.0163,-1.6007,-1.377,-1.3037,-1.7692,-1.8481,-1.1949,-1.8274,-0.83306,-0.52369,1.3036,0.073205,1.1331,0.6029,0.70357,0.1377,-0.1204,0.21951,0.70425,0.73611,-0.1288,-0.34456,-0.96434,-1.3394,-0.16815,1.1681,1.4283,2.5926,1.6785,0.44215,0.76842,0.96911,-0.016264,-0.59533,0.65267,0.23787,0.49806,0.56253,0.18477,1.2353,0.81432,0.63929,1.3724,1.3412,0.46245,-0.43451,0.59261,1.0416,1.0519,-0.88767,-1.2829,-1.1215,-0.58139,-0.096107,-1.299,0.55416,-1.0542,-1.741,-3.0521,-1.9517,-1.1005,-1.3173,-0.24757,0.78806,1.2961,0.21832,0.89751,-0.36561,-0.6618,-0.61483,-2.2257,-1.8072,-1.9101
-1.0279,-1.4902,-1.2919,-0.57848,-1.2432,-0.26766,-0.89566,-0.71618,-0.45416,-0.13683,-0.011104,-0.94279,-1.9485,-2.0418,-2.5077,-0.9928,-1.2724,-1.0585,-0.85433,-0.68321,-0.46914,0.61001,1.544,1.744,0.0023053,0.097798,0.63797,0.74906,0.3454,0.82938,-0.70143,-0.13474,0.3811,0.02164,0.78688,0.871,0.040842,-0.40108,-0.099756,-1.0426,0.1287,1.7564,1.4525,0.43163,0.70257,0.47403,-0.10306,-0.083432,-0.072095,1.2216,0.10942,0.84226,0.050539,-1.0624,-1.2517,-1.0657,-0.29736,-0.33648,-0.70138,-1.8672,-1.7043,-1.3413,-1.2162,-1.9506,-0.14778,0.026296,0.41234,0.34279,0.57445,0.47979,0.54377,0.75539,0.12571,0.53402,-0.65056,-0.91865,0.016609,0.14387,0.65535,1.1184,0.73094,-0.55173,-1.3026,-1.0593,-1.8265,-0.74136,0.56428,0.46812,0.65013,0.63039,0.42755,1.5341,1.2789,0.38965,-1.852,-1.3492,-0.58127,1.1592,0.76482,0.11012,0.53912,0.034988,-0.99143,-2.229,-2.0438,-1.1229,-0.25949,-0.68192,-2.0748,-1.1474,-1.5601,-1.9885,-0.80936,0.13343,0.21741,-0.093865,0.68836,0.39153,0.0050761,0.31686
1.4503,1.5644,1.9289,0.69856,-0.1676,-0.23488,-0.15992,0.36356,0.25636,0.80089,0.87807,0.80565,1.1103,0.94015,0.65021,0.15228,-0.35782,-0.70859,-0.35638,0.8442,0.061552,1.5453,1.6394,1.7629,1.5912,0.39482,0.31583,1.8035,2.3225,1.1969,1.12,1.436,-0.52737,0.21597,-0.38136,-0.36494,-0.19527,-0.19875,-0.46073,0.16379,-0.8222,-1.0629,-0.20316,-1.1186,0.45497,0.47543,1.069,-0.26787,-0.87613,-0.70203,-1.3861,-1.7354,-0.97544,0.4227,-0.016638,0.46658,0.45718,-0.14374,-0.86467,-0.9893,-1.4688,-1.7153,-0.29614,-0.50839,-0.74898,-0.46931,-0.89518,-1.1167,-0.062648,2.1707,2.7318,3.6355,1.1957,0.44391,0.28873,-0.74553,-0.92655,0.044403,-0.84641,-0.34494,-0.02459,0.10169,0.46829,0.27501,0.32795,0.92611,0.16368,0.0023704,0.58734,1.3672,0.93819,0.9617,1.1646,1.1701,0.4587,-0.54824,-1.1651,-0.38379,0.27982,0.17484,0.19144,0.48503,0.13349,0.62649,0.13178,-0.95867,-1.2447,-1.2428,-0.77018,-0.44047,-0.29515,-0.16002,1.3739,0.94656,1.1161,0.28132,1.3875,0.24537,0.7812,0.44678
-0.28007,-0.20128,0.16342,-0.12652,0.61916,0.46967,-0.05991,-1.5349,-0.70072,-0.60669,0.99187,1.3786,0.81733,1.0137,1.2208,1.2189,1.7545,1.9304,0.073185,0.88727,0.17279,-0.5606,-1.312,-1.619,-0.67291,0.47055,0.17831,-0.12922,1.0554,1.0107,0.75892,-0.23492,-1.2476,-0.54248,-0.019485,0.3085,-0.063912,-0.20953,-0.56684,-0.50572,-0.7051,0.70424,-0.033105,-0.73787,-1.3899,-0.48144,-0.025244,0.19318,-0.66195,0.66717,0.23375,-1.1602,-1.3681,0.42623,0.08864,-0.30279,0.3924,0.85512,0.23032,0.42571,0.27298,-0.51827,0.42903,0.42692,1.1685,1.4804,0.82998,0.087832,-0.026853,-0.38202,-0.44981,-0.37788,0.13436,-0.2214,-0.90006,-0.59172,-1.1219,-0.05785,0.42762,1.6513,2.1,1.157,1.7823,0.78056,0.92228,-0.068231,-0.46031,-0.74183,-0.88636,-0.58785,0.30682,-0.72684,-0.26375,0.37475,0.035406,1.2099,-1.2391,0.0094584,-0.38743,0.59869,0.82793,-0.94898,-0.45759,1.229,0.37882,-0.496,-0.93386,-0.78404,-0.50907,-1.9506,-2.5569,-1.5411,-0.69426,-0.95444,-0.44056,-0.75766,-0.082504,-1.3984,-0.69588,-1.3281
-0.21485,-1.1582,-1.6101,-1.2,-0.51632,-0.80657,0.26013,-0.67566,0.044122,-0.12113,0.030832,0.74159,0.17092,0.3901,-0.6604,-0.3521,0.67126,1.0892,0.060842,0.021371,-0.10082,-0.87267,0.39441,0.42156,0.04657,0.47924,1.0176,0.074167,-0.64122,-0.81021,-0.43953,-1.0658,-0.20535,0.69536,-1.1486,-1.7085,-1.8477,-0.64633,-0.69709,-1.1269,-1.6792,-1.7866,-0.74726,-0.61261,-1.0523,-0.78321,-1.0631,-1.2475,-1.0323,-1.5781,-0.65388,-0.084631,0.30033,1.5331,0.53168,0.30452,0.78057,0.8902,1.0319,0.52501,0.61344,1.0488,0.035567,0.24003,-0.37351,-0.084375,-0.7193,-1.1302,-0.10321,-0.76042,-0.89534,-0.89733,-0.26704,-1.2235,-1.356,0.23549,1.4521,0.97168,0.96249,0.23226,0.52987,0.99549,0.73473,-0.022853,-0.89111,-0.25913,-0.66682,-0.47578,0.71554,0.55442,-0.87846,0.20389,-0.08542,-0.36981,0.4761,0.24561,0.70968,0.94863,0.07346,1.1029,0.88229,0.7294,0.88496,-1.3105,-1.6331,-1.4608,-1.5168,-1.3053,-0.39851,-1.0406,0.26398,1.0932,2.5151,3.0996,2.2095,1.7338,1.3141,1.486,0.61662,0.45695
-0.96476,-1.4088,-0.1593,-0.39842,0.039065,-1.3139,-2.1914,-2.6153,-2.3331,-1.1178,-2.3629,-1.3363,-1.0794,-1.3893,-0.55564,-2.2493,-1.5072,-1.1424,-2.1417,0.5806,-0.1149,-0.064128,0.14725,-0.70498,-0.83907,-1.4353,-0.49888,0.13741,0.50811,-0.068879,0.32192,-0.19726,-1.6104,-1.8986,-1.3454,-1.1426,0.90137,1.5582,1.588,0.72441,-0.36809,-0.67054,-0.12233,0.70197,-0.17676,-0.37563,0.66847,0.091723,-0.78547,-1.107,0.36645,-0.39417,-0.7065,0.5269,0.3888,1.0069,0.4434,0.23555,0.62388,0.4995,0.13153,-0.23527,-0.0079036,-0.61511,0.18064,0.62311,0.58629,0.60893,-0.060294,-1.5782,-0.82916,-1.1653,0.11124,1.202,2.0668,2.1747,1.291,1.1603,0.71005,1.0591,-0.17581,0.043419,-0.88217,-0.64184,-0.84857,-0.4782,0.18558,-0.86125,-1.6237,-1.7079,-0.57794,0.14235,0.6029,0.84855,0.80043,0.46853,1.5019,0.66236,-0.048208,-0.29443,0.2377,1.2632,0.69067,0.40322,0.068569,0.10447,0.70285,0.48478,0.20717,-1.8298,-2.5376,-1.9757,-1.5337,-0.051819,-0.91127,-1.146,-0.55063,-0.24706,-0.48832,-1.1077
-1.1117,-0.72529,0.29027,-0.59571,-0.56351,0.20358,1.0011,0.74355,0.3933,0.28791,0.50393,0.76148,-0.71296,0.027007,-0.79632,-0.73303,0.11051,-0.92513,-0.62283,-1.1663,-0.77589,-1.9523,-0.33819,0.32989,1.0682,0.38702,-0.26103,0.44734,-0.68715,-0.67436,0.5564,1.0243,-0.22109,0.014071,-0.098215,-0.035365,-1.2633,-1.3137,-1.3299,0.042408,1.3632,1.2978,2.526,2.5937,1.5717,0.98492,0.84687,1.8483,1.8943,0.77676,0.41048,1.055,1.0297,0.42041,-0.69002,0.72506,-0.3249,-0.1332,-0.083888,0.033469,-0.10669,0.011741,0.89943,2.4745,0.61988,0.81525,0.79847,1.655,0.85098,-0.726,0.14212,0.87287,-0.62115,-0.041523,0.5674,-0.53582,-0.032639,-1.0927,-0.062071,0.31253,-0.32796,0.077723,0.43759,0.22106,-0.26574,0.13984,-0.25893,-0.042697,0.8976,1.0491,0.2156,0.7572,0.16786,-1.6366,-0.80142,-1.2991,-1.0161,-0.74971,-0.37673,-0.7027,-0.41925,-0.19004,0.39638,-0.10431,1.1149,0.13594,0.54829,0.45349,0.93635,0.3517,-0.72438,-1.3556,-1.6439,-0.89803,-0.89832,-1.3875,-1.4768,-1.589,-0.7976,-0.54137
-1.5737,-1.0964,-0.094912,-0.23802,0.44675,-0.86668,-0.28843,-0.27949,0.28158,0.26588,0.78,1.254,0.42066,0.62127,0.72441,-0.17458,-0.76362,-0.6904,-0.61245,-0.41206,-0.18305,-0.67706,-1.7627,-0.71847,-0.49143,-1.0781,0.32191,-0.46589,0.91403,-0.80807,-0.72284,-0.32177,0.058248,-0.50263,-0.78218,-1.6191,-2.1378,-1.8185,-1.2384,-1.5348,-1.6601,-1.3369,-1.1594,-2.4761,-1.9018,-0.67981,-0.21178,-0.63656,-0.069979,0.049175,-0.35337,-1.6501,-0.23264,-0.95098,-0.095808,-0.89872,-0.35389,-0.96908,0.69583,0.69607,0.71783,-0.10305,0.11814,0.24573,1.246,0.47994,-0.17889,0.31828,-0.14593,-0.22068,-0.47275,-1.5175,-0.43389,0.39694,1.0455,1.557,0.0037539,-1.1499,-0.19115,-1.3216,-0.81583,-1.2843,-0.48954,-1.1898,0.17273,0.24073,-0.055193,-0.81548,-0.80134,-0.067411,0.26113,-1.2644,-0.23057,0.41765,0.88605,-0.68174,-1.0052,-1.0241,-1.2197,-1.0654,-0.39983,-0.69897,0.44956,0.76136,-0.74281,-0.27645,-1.275,-0.20465,0.019864,1.1538,2.0472,1.121,0.64835,0.46855,0.36159,0.19103,0.27396,0.72465,0.68848,0.41722
0.75572,1.2237,1.0048,1.3724,1.3435,1.5913,1.169,0.16131,-0.95446,-1.4211,-0.045602,-0.34653,-0.26359,0.12428,-0.44316,-1.5759,-0.94109,0.17565,1.3576,0.85313,1.9281,0.051744,-0.099529,1.0156,1.8095,0.11638,-0.0020211,0.44698,0.01131,-1.2008,-0.25393,-0.98436,0.80964,0.15544,-0.71819,-0.26559,0.47121,0.14424,0.89637,1.0525,1.7493,0.76305,-0.92229,0.88799,0.23668,-0.21628,-1.2794,-1.2295,-1.2906,-0.64751,-0.14694,-0.12045,-0.75296,0.4316,0.4953,0.77029,0.6857,1.4937,0.3561,0.24098,0.9888,1.0411,1.887,0.9197,0.91279,0.5449,2.5741,0.11825,0.70809,0.388,0.076831,1.243,1.0177,1.0861,0.76452,0.9396,0.40614,-0.62851,0.17107,-0.60063,0.24379,0.97437,0.62513,0.73918,-0.15694,0.49252,2.0547,1.2985,0.81843,0.55278,0.7847,0.076892,0.16448,0.12477,0.19249,-0.28557,-0.79941,0.30117,1.5169,1.4398,1.2799,1.4694,0.71979,0.87421,0.37898,-1.0204,-1.3078,-0.15945,0.60608,0.59591,0.68723,0.50446,0.47008,0.17535,0.3381,0.89667,0.90855,-0.32509,-0.87678,-1.7857
