1.5684,1.203,2.0936,0.48397,1.7871,2.1006,1.9097,-0.21218,-1.1289,-1.6281,-0.70808,-1.6532,-1.9924,-1.2071,-1.6154,-0.792,0.50907,0.12082,0.21635,1.1371,0.41102,0.85824,0.42031,0.60184,0.29242,0.6997,-0.78821,-0.55406,-0.64905,-1.2263,-1.6498,-2.259,-1.3345,-0.85021,-0.12136,-0.022272,-0.01229,-0.22595,0.49242,0.12554,0.31101,0.9714,0.65172,0.78139,0.32381,0.56887,-0.56195,0.018189,-0.83475,0.26994,0.17664,-0.09637,-0.36693,0.37997,1.6104,1.5109,1.9206,1.3408,1.5819,-0.25777,-0.68162,-0.5335,-0.3949,-1.3958,-1.5827,-0.75931,0.029041,-1.3343,-1.1384,-0.13316,-0.67669,1.2987,0.95052,1.0697,-0.057456,0.49005,-0.35718,-0.61203,0.35423,-0.36989,-0.83636,-0.95121,-2.1039,-1.489,-1.0157,0.53717,0.37627,-0.2096,0.11396,0.25938,-0.96588,0.2319,0.038587,-0.35323,-2.2869,-2.6877,-1.4353,-1.4513,-1.9024,-2.0921,-1.6205,-0.24429,0.80621,0.1539,0.3552,-0.98296,-1.0911,-1.7131,-1.3975,-0.1431,0.51517,0.81947,1.824,1.3088,1.0704,0.98991,-0.2408,-0.042157,0.40049,-1.5829
-0.54771,-0.38155,-0.14789,-0.48003,-1.2085,-1.2017,-0.45376,0.38176,1.4667,1.2401,0.32326,-0.63942,0.20578,0.78994,0.77477,-1.5429,-0.51857,-0.53549,-0.81444,0.24843,0.70471,0.4867,-0.5278,-0.28739,-0.92476,-0.73218,0.5846,0.49636,-0.15273,0.6418,-0.63421,0.59322,-1.1214,-1.182,-0.33856,-1.1501,0.50324,0.090808,0.1834,-0.25764,-0.3943,0.25584,-0.27012,0.64215,1.0528,0.59051,1.0643,0.24562,1.6969,1.8918,0.16471,0.5262,-0.55526,-1.1598,-1.3627,-0.3186,-1.002,-1.6818,-1.8166,-0.93111,-1.0304,-0.79321,0.085844,0.51898,1.3886,0.87509,-0.83153,-0.92817,-0.23539,0.35781,0.82083,0.83989,0.44066,0.87336,0.34871,1.2216,1.0093,-0.47015,0.43438,0.44256,0.23285,0.38881,-0.0055746,0.16436,0.4387,-0.017787,-0.58252,-0.1668,0.052823,0.34631,0.57749,1.3244,0.99427,1.0746,1.5419,1.9166,1.8027,1.6441,1.3835,0.42461,0.77261,-1.1092,-1.5888,-0.39895,0.74984,-0.44971,0.08773,0.88326,2.3122,1.7084,1.6888,0.29344,-0.28413,0.17987,-0.47931,1.0708,0.69183,1.2455,0.55707,-0.48283
-2.5842,-1.8713,-1.6357,-0.99656,-0.44209,-0.37349,-1.3889,-1.3735,0.96074,0.91697,1.9041,1.5978,1.348,1.008,0.085956,0.34307,0.24869,0.9557,0.59021,-0.39581,1.1453,0.58159,0.05542,-0.31374,0.44468,1.1956,-0.27015,-0.43056,-1.052,-1.035,-0.77735,0.5822,0.50119,1.461,-0.52869,0.0030916,0.31636,1.6291,0.67705,-1.2495,-1.0719,-1.1822,-0.3467,-0.56695,-0.94443,0.63162,0.24097,-0.28867,-1.5117,-0.2962,0.087872,-0.44731,0.87252,1.8706,1.6493,1.0706,-0.39708,0.51654,0.026378,-0.27983,-1.169,-1.9701,-1.7461,-0.27254,-1.2831,-1.2865,0.43258,0.11815,0.42772,-0.3578,-0.83374,-0.26014,0.16057,-0.081523,-0.4067,-0.43297,-0.50537,-1.8874,0.37258,0.45177,1.4444,0.15619,-0.22269,0.74938,-1.0235,0.27719,0.63818,0.51299,0.59874,0.83854,-0.70805,0.26881,-0.28818,-0.62806,-0.6641,-0.43314,-0.50014,-0.1588,-0.49802,-0.30003,-0.7225,0.62375,0.0068682,-0.41828,-0.98952,-1.4687,-1.3957,-0.56043,-1.3681,-1.9703,-1.5937,0.24991,0.0095349,0.49006,0.42807,0.88604,0.26139,-0.13901,-0.62995,-0.3105
0.80119,0.99612,0.61892,0.67192,-0.24739,0.15137,1.746,1.3867,2.1952,0.25522,0.25542,0.30751,0.09747,-0.47854,-1.1923,-1.021,-2.0003,-2.9168,-1.7273,-0.34358,-1.5004,-1.75,-0.97069,-0.64748,0.68078,1.1096,0.14825,0.40514,-1.0896,-0.43816,-1.4568,-0.95691,-0.56209,-0.22489,-0.84837,-1.4692,-1.6895,-1.7473,-0.4176,-0.16764,0.12515,0.53076,-0.097348,-0.14321,0.77384,1.294,0.58405,0.39564,0.46959,0.29043,2.1774,0.53861,-1.0986,-0.45112,-1.0385,-2.255,-1.8433,-1.279,-0.52505,-0.80269,-0.25232,-0.23509,-0.9182,-1.9587,-0.32346,-0.32754,-0.61898,0.017658,1.7007,1.9553,1.1892,1.0173,0.31698,-0.44884,-0.76669,-0.20944,-0.18523,-0.24378,0.3253,-0.7932,-0.67264,-0.80315,0.14435,-0.3198,-0.141,0.38388,0.37386,0.36826,-0.55488,-0.62807,-0.76182,-1.1082,-1.275,-0.51015,-0.40157,0.067488,-0.8499,-1.0346,-1.5159,-1.8115,-1.323,0.81173,0.61524,0.73143,0.76181,1.0452,0.75537,1.3437,0.83346,0.62012,0.23442,0.022271,-0.28683,-0.67897,-0.70918,-0.26576,-0.68366,1.0231,0.32165,0.67131
-0.11845,-0.13164,-0.14378,-0.67169,-1.0684,-1.0845,-0.081465,0.47372,-0.072867,1.5199,1.1505,-0.33483,-2.0754,-1.9579,-0.71313,-0.34775,-0.87074,-0.91571,0.46614,-0.019384,0.74785,0.17692,0.32492,0.45157,-0.25077,-0.22994,0.29806,0.22412,0.52739,-0.53471,0.10868,0.55199,0.20423,0.16213,-0.1235,-0.58756,-0.44912,0.30379,0.30551,1.1877,2.0993,1.443,-0.27203,-1.3664,-1.4234,0.003765,0.066406,0.53386,0.46936,0.62351,1.6135,-0.59138,-0.47773,0.67038,-1.2444,-1.1901,0.19021,0.60764,0.76002,0.92409,0.72402,0.9975,-0.89689,-1.8082,0.13649,0.79472,1.1288,-0.02171,-0.20983,0.20116,0.65807,-0.080844,-0.6264,-0.98735,-1.3014,0.16905,-0.49142,-1.0286,-0.30334,-0.147,-0.30966,-0.35197,-0.31115,0.57953,1.9561,0.72617,0.24778,0.60606,1.3312,-0.1386,-0.46125,0.94414,1.8891,0.78812,0.9624,1.346,1.342,0.77329,-0.085555,-0.14949,1.0323,1.015,0.58989,0.42662,0.8726,1.3814,0.9197,2.2685,1.8423,1.7259,0.74384,0.70444,0.14624,0.69264,0.58671,1.714,2.0095,0.48015,-0.055681,0.45216
0.10539,-0.55734,-0.6064,-0.3737,-0.5369,-0.82553,-0.61077,-1.046,-0.94577,-0.41596,-0.41514,-1.341,-2.1275,-1.4967,-2.1384,-0.45614,-0.88373,-0.21104,-0.82794,0.17598,-0.82745,0.27819,-0.95916,-2.2182,-1.0317,-0.10909,0.66434,0.10406,-0.17756,-0.75273,0.30423,-0.24323,-0.96158,-0.45645,-1.677,-0.96403,0.51504,-0.21786,0.43019,1.1977,0.45639,0.91515,0.20336,0.73004,0.97786,1.0293,0.98442,1.1262,0.01258,-0.83626,-1.426,-1.0658,-1.1465,-1.6066,-1.4711,0.014305,-0.80687,0.010145,0.99781,1.0574,1.3427,-0.2095,-1.7166,-1.2667,-0.41217,-0.29647,1.0085,0.72108,1.8179,1.1147,0.18893,-0.16048,0.19843,0.41079,-0.097071,-0.44838,0.69318,0.75413,-0.34786,0.029682,-0.25721,-0.37318,-2.2984,-1.6604,-1.4955,-1.4019,-0.60402,-0.21524,-1.8469,-1.4016,-1.5254,-0.085259,-0.22678,0.18394,1.1469,1.7635,2.8146,2.1638,1.4604,1.8817,1.0692,1.0952,1.2556,-0.036662,0.57091,0.29598,1.1625,-0.18555,0.12628,-0.009652,-0.21361,0.28459,0.94122,1.1171,0.57905,0.41205,-1.1408,-2.7341,-1.5336,-0.24917
1.0535,0.60772,-0.40557,-0.65475,1.4715,0.28039,1.1176,0.75277,1.1042,0.46747,-0.36521,-1.0439,-0.67507,-1.5802,-1.3371,-1.3147,-0.5401,-0.55734,0.6834,1.1946,1.2459,2.4751,3.2533,1.1669,0.6022,-0.73602,0.53256,0.53243,0.51884,0.6178,-1.5443,-1.659,-1.7591,0.34923,0.84154,1.2893,1.5098,0.79385,1.9681,1.4027,0.17918,0.65014,0.50625,0.6329,0.34014,0.28936,-0.49178,-0.40575,-0.45,-0.40258,0.52194,0.75232,0.15848,0.21659,0.34795,0.52213,0.068276,1.9685,2.8094,1.6903,1.176,1.4047,0.38002,0.5335,0.80392,0.16468,-0.17302,-0.75683,0.331,-0.55899,-0.29292,0.63954,0.12051,-1.045,-1.3783,-0.43875,-0.16579,-0.67109,-0.087386,-0.24164,-0.45216,0.14422,1.257,0.99463,1.2079,1.5164,2.4017,1.8947,0.9468,1.1643,0.75597,-0.025818,-0.6932,-2.0552,-2.0482,-2.6124,-2.7259,-1.6891,-0.95908,-0.32661,-1.8848,-0.40851,0.86626,0.37053,-0.1829,0.15404,0.11832,1.2128,0.38486,1.4645,0.58386,0.48695,0.2931,0.30554,-1.9512,-1.2106,-0.80715,-1.2784,-0.93667,-1.7759
1.5682,0.25611,0.59028,0.63426,-0.57872,0.23628,0.3918,0.21795,2.2129,1.0089,0.1343,0.82531,0.99566,-0.72564,-0.43478,-0.80901,-0.10251,-1.0134,-0.89277,-0.013763,-0.34318,-0.072622,0.31174,0.16058,-0.78282,-0.72879,0.038636,0.89547,-0.53841,-0.67477,-0.62905,-0.62929,-0.6405,-0.12342,1.1561,0.41012,-0.19847,-0.77217,0.26505,0.28066,1.102,2.3039,1.2746,0.5803,-0.80331,0.58189,0.32376,-0.22982,-0.3421,-0.4103,0.15138,-0.61697,1.3029,1.0662,1.7652,0.47629,-0.0042239,0.15022,-0.51406,0.77126,0.3031,1.0864,0.61371,1.0212,0.64101,0.50946,0.041988,0.57274,0.15114,0.67759,0.12462,0.54877,0.35543,-1.0773,-1.0324,-1.3505,0.35186,-0.038285,0.30442,0.24223,0.11914,0.61085,0.80586,0.56802,-0.03247,0.46173,1.2639,-0.095269,2.0247,1.5584,0.44709,-0.74378,-0.62571,-0.91706,0.7835,-0.36943,-1.3237,-0.12438,-0.52604,-0.93562,0.23541,-0.34482,0.50788,-0.52377,-0.0079289,0.32842,0.28209,1.4416,1.5088,0.20608,-1.3376,0.17514,0.26522,0.32673,1.3969,1.2681,0.87224,0.31874,1.8315,0.94111
0.99449,0.96896,0.36403,1.6982,1.6675,0.79651,0.93843,1.6568,0.39617,0.19396,-0.14565,-1.0691,-0.4387,-0.93569,-0.36818,-0.63253,0.41909,0.38625,1.0951,0.42555,0.13803,1.6217,2.3057,1.2298,0.87538,1.5542,0.067907,0.97659,0.62597,0.34049,0.89847,0.38938,-0.59246,-0.24739,-1.0545,-0.14784,-1.5733,-0.46148,-0.70776,-0.49518,-0.38947,1.0415,0.61759,2.2576,0.80817,1.0724,1.0205,0.293,0.90885,1.1475,0.47022,1.2093,0.86223,0.50942,0.29949,0.33115,0.0076592,-0.8378,0.49227,-0.37382,-0.68977,0.13329,0.17489,0.76611,-0.74719,0.31764,1.1227,2.0464,0.70936,-0.042586,0.045736,0.67302,0.53759,0.60139,-0.25612,0.92781,0.22871,-0.84123,-0.53673,-0.94732,-0.3998,-0.75231,-0.2214,-1.4869,-1.1874,-1.266,-0.93977,-0.72624,0.44869,0.29847,-0.81727,-1.0311,-2.123,-1.6535,-1.7355,-1.9495,-1.0752,-1.355,-0.82213,-0.087729,-0.078661,0.034334,-0.55884,-0.36093,-0.26425,0.034937,-1.2245,-0.8915,-0.49081,-0.45364,-0.47624,-0.8513,-0.66859,0.2792,0.44196,0.43372,-0.18766,-1.3173,-1.2431,-0.88544
1.0654,-0.26996,-0.29621,-0.57469,-0.07996,0.53416,0.7699,0.28321,1.7612,0.96827,1.0938,0.56624,-0.41995,0.10508,0.28013,0.33404,0.093516,-0.39796,-0.58591,0.621,1.9161,2.3909,0.62735,0.90155,-0.67477,0.18593,-0.97274,-0.19045,-0.10768,-0.22987,-0.71909,-0.19916,-0.58618,-0.45714,-0.067428,-1.4308,-2.4415,-3.5428,-2.045,-0.98585,-0.90095,0.22532,0.38379,-0.76946,-0.06174,0.12364,1.2981,1.0544,0.69466,-0.30209,-0.42581,-0.52445,-0.21666,0.44068,-0.65935,0.32002,0.81922,-0.29893,-1.2007,-1.6931,-1.7767,-0.3668,-0.41608,-0.25384,-0.74183,0.0050045,-0.81131,0.023845,-0.55576,-1.2466,-1.0133,-0.29271,-0.68655,-0.41565,0.15335,-0.26597,-1.1174,-1.3986,-0.66736,-1.1016,-2.1999,-2.2266,-2.1958,-1.0841,-0.59624,-0.65891,0.063254,-1.0361,-0.51537,-0.15229,-0.17185,1.1794,0.93526,0.51931,0.28214,1.0496,0.25977,0.74563,-0.086429,-1.5352,-0.020105,-0.96985,-0.36477,-1.038,-1.3699,0.34591,-1.0416,-0.39521,1.633,0.22868,1.039,0.27516,0.84645,0.60163,1.4719,2.0101,1.4649,0.56305,-0.26324,0.3738
-0.43576,0.4044,1.6108,0.05824,-1.1933,-0.90202,-0.13646,-0.20006,0.4245,0.49587,-0.84069,-0.46278,0.43018,-0.63905,-1.1955,-1.6711,-2.0652,-1.3525,-1.1104,-0.68592,-0.74665,-0.99811,-1.0074,0.13811,-0.26642,-0.63272,-1.27,-0.1174,-0.27361,-0.4859,-0.13972,0.2935,-0.4803,-1.6299,-1.913,-1.5178,-1.2052,-0.65388,-1.8611,-0.68337,0.69837,0.84006,1.723,0.65111,3.0771,1.4542,0.13385,-0.47622,-1.4964,-2.2622,-0.88557,-1.0784,-1.245,-1.5779,-0.72785,-2.7855,-2.192,-1.8048,-1.6985,-1.7948,-0.78964,-1.327,-0.47462,-0.40256,-0.33753,-0.58921,-0.87964,-0.12668,-0.32597,-1.4476,-1.6839,-0.25267,-0.80418,0.0027832,-0.037076,-0.039129,0.70948,0.50806,0.69907,1.5176,2.2327,0.64443,-0.90595,-0.46409,-1.0867,-1.4655,-1.5069,-0.16945,1.1823,0.35173,0.086179,0.42125,-0.16047,0.074255,-0.73935,0.8075,1.8621,1.5592,-0.16516,0.66184,1.1545,0.82776,0.22836,1.2064,0.68196,1.4377,1.379,0.036884,0.45088,0.94774,0.98088,0.57356,0.072075,0.48486,0.50187,0.49003,0.27735,-0.82553,-1.708,-0.80885
0.41641,0.66516,-0.25145,0.1342,0.31067,-1.9175,-1.6574,0.021878,0.15833,-0.15975,-0.91876,-0.36185,0.020247,0.26643,0.30555,0.83024,0.19712,0.73108,0.02575,-1.2019,0.37199,1.0194,1.4065,-0.32542,-1.0694,-0.77418,-1.3475,-1.5142,-0.74098,-0.86381,-0.90306,-1.3377,-0.53481,0.52364,-0.0048964,0.032905,-0.36036,-0.87226,-1.1329,1.2526,1.3127,-0.26044,-1.1526,-1.339,-1.5626,-0.89327,0.8227,0.090138,-0.96432,0.79762,0.46985,-1.3554,-1.0218,-0.87824,-0.44797,0.18511,-0.17395,-0.80217,0.32617,0.40318,0.67714,-0.87104,-0.6106,-1.2376,-0.88273,0.13706,1.4537,1.5983,1.9219,0.634,0.4685,0.17744,-0.16875,0.45144,2.0659,1.8674,1.8899,1.6794,1.298,0.92626,0.23001,-1.1207,0.71624,0.51659,1.6843,1.1937,0.29458,-0.37427,0.041977,-0.93592,-0.26521,-1.2412,-1.4109,-0.15082,0.81202,-0.20001,0.972,1.3317,0.61256,0.89817,0.69906,1.6541,0.47202,1.415,1.0147,0.78916,0.37734,0.95164,1.5395,0.73034,0.0065046,-0.57793,-0.81155,0.23017,-0.065813,-0.7451,1.6248,0.10132,0.2705,-0.732
-1.1366,-0.18737,0.16398,-0.49646,-0.28861,-1.2698,-1.6673,-1.6202,-1.1164,-0.5702,-0.43386,-0.94345,-0.94989,-1.5261,-1.0284,-1.0796,-0.014312,-0.23576,0.43766,-0.62833,-0.035176,-0.12102,-0.63277,-0.26204,0.19878,1.186,-1.2973,-1.0103,-0.58912,-0.40457,-0.41512,-0.76762,-1.2371,-1.6191,-1.8232,-0.78723,0.33063,-1.7272,-2.241,-2.0685,-1.6078,-2.0033,-0.78726,0.74353,0.14707,-0.55596,0.70162,0.34366,1.4571,1.3599,-0.26078,0.58032,-0.54117,-0.99132,-1.5426,-1.8685,-0.91632,0.68322,-1.2741,-0.66413,-0.60164,0.096819,0.34933,1.2044,0.18907,0.62185,-0.66643,-0.19635,0.44243,0.27979,0.31472,0.26737,0.1015,0.94989,1.1779,1.4862,1.0699,-0.79376,-1.7377,-0.41732,-0.861,-1.2739,-1.633,-0.68201,-0.77619,-0.37309,0.054058,-1.1279,-1.052,0.34718,0.84878,-0.01093,-0.42869,0.61766,1.0295,0.94886,1.4709,0.76021,0.89926,1.4087,2.1385,1.7458,0.92184,0.040931,0.18053,1.124,2.0274,1.6199,0.86022,0.11352,-0.33342,1.1464,0.45319,-1.0502,-1.9657,-1.1908,-2.1196,-0.77655,-0.26044,-1.1941
-0.2786,0.13643,0.23771,-0.38898,-1.0272,-1.2415,-0.79873,-1.5763,-1.2675,-1.2766,-1.3021,-0.56773,-0.34811,-0.42398,-0.78059,-1.2657,0.72505,0.40644,1.2343,1.5466,0.64965,0.66232,0.52391,0.52103,-0.28792,-0.061823,-0.53141,0.14409,-0.1853,0.57104,0.014571,-0.2347,-0.40927,-0.87944,-0.94039,-2.7653,-2.7896,-2.1886,-0.99991,-0.64728,-1.323,-1.2905,-0.037605,-0.85455,-0.68776,-1.7331,-2.8789,-1.3072,0.4806,0.048358,-0.26504,0.16476,-0.15147,0.56824,1.2819,0.938,-0.45653,-0.14988,-0.35879,-0.15438,-0.087765,-0.42205,0.19326,-0.86044,-0.35512,-0.81591,-1.396,-1.5332,-2.6248,-1.8493,-1.7888,-0.44285,0.77342,0.36513,1.155,0.57826,-0.070803,-0.36272,0.46135,0.89408,1.2833,0.35009,-0.49513,-0.49765,-0.46175,-0.17266,-0.37165,-0.95616,-0.71684,0.85784,0.99608,1.2291,1.626,0.81589,-1.3995,-0.38988,-0.40602,1.0104,1.1181,1.148,1.2717,2.4382,1.9999,0.62511,0.4425,0.83831,1.58,0.65663,0.49288,0.71057,0.84229,0.84152,0.53797,-1.2817,-0.38017,-1.1017,-2,-2.0076,-1.2418,-1.1432
0.19741,0.56822,-0.4174,-0.13108,-1.3315,-1.859,-2.099,-0.9693,-0.84192,-1.1192,-0.44721,0.094869,0.55375,0.46693,1.2096,1.6726,0.7546,0.39129,0.63139,-0.069681,-0.11568,-0.36794,0.025925,0.099622,-0.18494,-0.20743,0.4712,-0.16109,-0.4579,-1.3754,-1.2836,-0.35038,-0.96596,-1.3538,-0.72803,-1.6095,-1.2266,-0.17514,0.30607,-0.0037266,0.18188,1.4506,1.737,1.3234,0.8237,0.89551,1.4515,1.2216,0.2397,-0.38462,-0.48173,-0.55404,0.037943,-1.0608,-0.22272,0.007001,0.0092807,0.34792,0.4988,-0.16569,-0.73318,0.6895,0.69952,0.71111,-0.54322,-1.0769,-0.8071,-0.3145,-0.26511,-0.91002,-1.3804,-1.0347,-1.2103,0.3973,-1.9688,-1.5142,-0.58466,0.0020522,0.67338,-0.20048,0.11675,1.1135,0.059535,-0.18892,-0.37914,-0.59428,-0.39157,-0.17042,-1.1232,-1.9539,-1.9581,-0.94854,-1.4848,-0.64626,0.39958,-0.72147,-1.4741,-2.2503,0.15295,-1.1735,-0.8417,0.9111,-0.05518,-0.34867,-0.084076,-0.046283,0.4224,0.082617,-0.18563,0.57821,0.90547,2.4344,2.8961,2.4138,2.367,1.8888,1.0215,0.48703,-0.51067,-1.1942
-0.22633,-0.22106,0.22773,0.37476,0.48441,0.13768,1.1561,0.8095,0.22574,0.48324,-0.38334,-1.5145,-0.26085,0.044093,-0.64164,-0.50867,-0.67521,-2.1742,-1.7635,-1.7923,-0.84874,0.26066,0.56938,1.3256,2.0678,1.1083,1.125,0.73261,0.4527,0.75312,0.89736,0.89306,0.52554,-0.79914,0.091383,0.70718,0.39399,-0.37837,0.2962,0.3728,0.26723,0.15965,-1.105,-0.39114,0.28924,-0.84624,-0.19334,-0.4964,-0.98962,-0.31678,-0.054635,0.45888,0.65761,0.72604,0.065132,1.8161,1.436,0.072483,-0.89797,0.47342,-0.76615,-1.7457,-1.369,-0.3987,-0.87742,-0.9673,-0.7921,-0.44058,1.1868,0.33119,1.1663,-0.16635,-0.11099,0.32287,0.30663,2.0236,1.9409,1.0518,-0.26878,-0.79683,-0.60607,-0.56151,-1.1859,-2.0931,-0.26852,1.1484,0.30635,0.35043,1.3484,1.0174,0.83971,0.60392,-0.44689,-0.051515,0.42625,0.82676,-0.32308,-0.30216,0.58422,0.64556,0.018624,0.42561,0.84065,0.7224,0.6598,0.11366,-0.17238,1.3568,0.98681,-0.4412,-0.78299,0.44964,0.50737,-0.51,-2.0048,0.049782,-0.50905,-0.44374,-0.38111,0.72934
-0.28327,0.052262,-0.45541,-0.36253,-1.0625,-0.52366,0.10603,-0.46003,-0.30901,-0.63859,-1.6526,-1.3076,-1.4181,-0.93275,-0.59573,-0.44375,-0.025779,-0.60841,-1.1932,-1.7627,-0.73023,-0.20271,-0.99271,0.26356,-0.52665,-0.099988,0.50914,2.2117,1.3246,1.5068,0.90289,0.086013,-0.57829,-0.60094,-0.43462,0.13533,-0.33953,0.051354,0.25057,0.1947,0.83507,0.14895,-0.51418,-1.4336,-0.43322,-1.7372,-1.5416,-2.0546,-2.431,-1.3807,-1.0459,-0.61907,0.25933,-0.34192,0.23526,0.080625,0.60451,0.93486,0.38397,1.1181,1.1054,0.094816,-0.27305,0.18263,1.213,-0.016926,1.0161,-0.8525,-0.047891,-0.74766,0.043485,-0.14272,-0.016044,1.0384,0.8461,-0.36394,-0.24239,-1.1833,-1.1261,-1.5596,-2.606,-1.5193,-0.17569,0.84767,-0.54087,1.0259,1.5821,1.3042,1.2504,-0.073132,0.35425,0.75977,1.4415,1.5831,0.3055,0.36143,0.8415,1.0198,-0.076104,-1.0094,-1.6148,-1.0221,-0.50821,0.20947,0.27205,1.2891,1.1759,0.011516,-0.045841,0.070809,0.14445,0.076131,0.32364,-0.22671,0.2583,0.4358,-0.013727,0.62713,0.43607,0.65228
1.3481,0.58007,0.82874,0.60121,-1.103,-1.6025,-1.3791,-1.8115,-1.5767,-2.3634,-1.608,0.065224,-0.60466,-0.73305,-0.094755,-0.72221,-0.20193,-1.3473,-1.6216,-1.1482,-1.7797,-1.7034,-2.2673,-1.5634,-0.85687,-0.39848,1.1608,0.84325,0.2992,-0.25845,-1.0667,-1.6803,-0.4636,0.013414,-0.0065366,0.34149,1.0073,0.6751,-0.90714,-0.99112,0.2629,0.66293,0.27571,-0.38808,1.1036,0.82049,0.28213,0.54001,0.38086,-0.060599,-0.2977,-0.1385,-0.28762,0.17587,0.41071,-0.33901,-0.91057,-0.058676,1.3268,-0.28557,-1.5534,-1.0503,-1.2699,-1.2133,-0.60855,0.75194,0.98852,1.1858,-0.53261,0.8731,0.22632,0.39116,0.45305,0.20605,0.26401,-0.5039,-1.1093,-0.46357,-0.25378,-0.59879,-0.60076,0.090147,-1.3953,0.88457,1.582,2.018,0.5642,1.2229,1.3736,0.96095,0.32445,0.94385,-0.38184,0.36922,-1.3436,-0.26998,-1.6498,-1.6922,-1.2111,-1.7787,-0.052289,-0.10835,0.5101,0.78312,0.27793,1.2418,1.4098,-0.51626,-0.61084,-0.8324,-0.27051,-0.064836,-0.70738,0.28535,0.41601,0.35146,0.16093,0.657,-0.95117,-0.13234
0.83056,0.55339,0.075686,1.3919,0.2387,-0.35291,-0.4454,-0.71877,0.10053,0.26446,-0.40313,-0.28326,-0.90767,-0.74461,-0.59326,0.31837,-1.1914,0.075545,1.3829,0.67178,-0.97987,0.26697,0.37315,1.4515,1.8565,2.0296,2.4173,2.3947,1.962,1.9045,0.97607,0.11688,0.1381,-0.70253,-0.76044,0.21549,0.81342,1.1492,1.3149,1.2115,1.9525,1.094,0.60122,1.5374,-0.60473,-0.4676,-1.762,0.017265,0.51434,1.7005,4.4054,3.496,2.4008,1.624,1.7403,1.9273,2.0528,2.4004,2.5452,2.2669,1.6773,1.699,1.1584,0.25579,1.0361,0.26082,-0.14317,0.62262,0.26326,0.073585,0.68874,1.1027,-0.77312,0.47524,0.15079,0.21338,-0.18452,-0.9789,-0.59968,-1.5176,-3.0222,-2.0365,0.83521,1.4061,1.1803,0.76402,0.59531,0.68552,1.1415,2.0914,2.0642,1.4804,0.39853,0.77869,1.1993,-0.16182,-1.1807,-1.8713,-1.0629,-1.8602,-1.0521,-0.70066,-0.55942,-0.83489,-1.0535,-0.48128,-1.1416,0.13604,-0.49596,0.097516,0.31259,0.31227,0.20974,0.28166,0.35442,0.61635,0.31072,-0.28607,-0.4464,-1.1417
1.122,1.1918,1.1147,0.20098,0.60297,0.89502,0.53896,0.19142,0.50863,2.0204,1.3699,1.1116,0.90787,-0.66792,-0.98747,-0.83453,0.061111,0.56307,1.0092,-0.13405,-0.93823,-0.99694,-0.41775,0.2324,1.4522,0.92775,-0.21798,-0.89435,-1.4923,-1.5479,-1.071,-1.8236,-0.84401,-0.94824,-0.65888,-1.5699,-0.33835,-0.021418,-1.3318,0.28752,0.091454,0.3556,-1.064,-0.71394,0.16156,0.057449,-1.1593,0.15277,-0.2238,0.42003,2.0864,2.1781,2.2301,1.9522,1.1866,-0.072059,-0.18485,0.37645,-0.47536,-0.84449,-1.1632,-1.3909,-0.30352,-0.19126,-0.71391,-0.45098,-1.2446,-2.4387,-0.9132,-1.0895,-0.62778,0.015938,-0.53473,-0.29907,0.0040545,-0.96834,-0.28786,0.9388,0.94112,0.89484,-0.1281,-0.33456,-0.623,-0.99726,-1.1077,-0.48124,-0.40902,-1.0349,0.72627,-0.02108,0.71726,-0.31352,-0.94838,0.45643,0.13128,-1.3367,-0.50529,-0.93926,-1.8261,-1.0217,-0.14156,-0.24935,-0.76081,-0.2236,0.7295,1.4856,0.21421,-0.54308,0.45451,-0.46041,-1.4357,-1.2317,-0.77039,-1.2187,-0.72252,-0.42795,-1.121,-2.0962,-2.4473,-3.0589
1.2791,-0.94197,-1.2463,-0.13349,1.6251,1.5631,0.45061,-0.082829,-0.38099,0.36126,-0.20388,-0.5247,-1.029,0.59926,0.12328,0.082503,-0.54975,-1.1865,-1.0722,0.24485,-1.0569,-1.0299,-0.69052,-0.90041,-0.80853,-1.5898,-1.2383,-0.58792,-0.070703,0.56208,0.35177,0.98847,0.88988,0.6786,1.0031,2.1324,1.2213,0.18702,0.49703,0.13411,-0.82535,-1.832,-1.2877,-0.89705,-0.91782,-0.23684,-0.6798,0.018101,1.4045,1.0095,0.24151,1.8214,1.0831,0.26083,1.3357,-0.27071,0.76228,0.60993,0.47915,-0.21996,-0.49578,0.3739,-0.014932,-1.112,0.018216,0.84127,1.9007,2.1953,2.3444,0.54605,1.2924,1.6497,1.4544,0.31505,0.53237,1.0674,1.4982,1.9725,1.0426,0.41132,0.16725,0.25624,0.61597,0.99755,0.17965,-0.3348,-0.895,0.3647,0.1469,0.62178,0.57271,0.6288,1.4098,2.0115,0.8461,1.0812,0.2882,1.1819,-0.87711,-1.5251,-1.6885,-2.23,-1.4143,-0.30147,-0.8152,-1.1814,-1.354,-0.57058,-0.63017,-1.6648,-0.43933,-0.25664,-0.066445,-0.27564,0.029218,0.65183,0.73817,0.92687,1.0064,-0.021077
1.2412,0.99529,0.91484,0.88463,1.2799,0.072472,-0.39553,-1.4765,-1.0383,-0.32326,-0.93625,0.33782,2.5594,2.2123,2.5205,1.1187,-0.042869,0.48625,1.232,1.2304,0.43669,0.92627,-0.17479,-0.14067,-1.4455,-1.655,-0.099537,0.87965,0.41181,1.1758,0.95806,0.091461,0.41286,1.1882,1.257,1.2107,1.7325,1.3923,1.7288,1.7509,1.5396,1.632,1.9156,0.98945,1.0167,0.44656,-0.99096,0.23888,1.0786,1.4759,0.57658,-0.90726,1.6563,2.0895,1.4904,0.39365,-0.08118,-0.57322,0.43521,-0.30304,-0.55807,0.25527,0.14169,-0.14225,1.0385,0.79353,1.3061,2.0232,1.995,0.98304,0.83233,-0.023397,0.40149,-0.23267,-0.3299,0.10117,1.0043,0.87022,1.2724,0.29321,0.050389,0.65983,-0.25119,0.85043,-0.10888,0.46855,-1.0102,0.59612,0.29853,0.61569,0.038192,0.67361,-0.31043,0.93944,1.9078,2.1631,1.1556,-0.16062,1.1359,1.6745,1.116,1.814,0.8382,0.47901,0.11934,-0.15088,0.060304,-1.0446,-1.1722,-1.92,-1.4616,-1.7207,-0.27629,-0.35591,-0.047035,1.0431,0.058336,0.97418,1.6394,1.6952
-0.059938,0.59965,-0.56099,0.31413,-0.45769,0.11088,0.31004,0.61182,0.3509,0.67213,0.56891,0.27823,0.32662,-0.60901,-2.0248,-0.87142,0.36443,0.90633,0.88323,1.0227,0.87826,1.2721,0.89071,0.96214,-0.10705,-1.1559,-0.62114,0.10756,-1.0528,-1.0166,-0.65069,-0.093383,1.4127,1.4892,1.4999,1.7109,1.456,-0.054682,1.3918,1.1627,1.0679,1.3706,1.9346,1.8355,0.43369,0.55299,0.015162,0.059821,0.78765,1.0917,0.54383,1.0588,-0.7758,0.19637,-1.3105,-1.7763,-2.0178,-1.8839,-0.85589,0.2746,0.96591,-0.099577,-0.34745,-0.19739,-0.38421,0.23151,0.93132,1.3231,2.0669,1.9594,1.556,1.7537,1.1287,0.72695,1.3176,1.4335,1.6811,0.74423,1.6506,0.7175,-0.47895,-0.75681,0.7906,0.95907,1.0031,0.16599,-0.43674,-0.46698,0.56833,1.5433,1.1621,0.13406,0.67283,1.2946,0.46795,1.0578,-0.11478,-0.41836,-0.60008,0.23928,-0.034898,-0.49274,-0.035313,-0.65186,-0.29288,-1.5286,-1.745,-1.7654,0.067958,0.9766,1.9035,1.5322,0.49686,0.18647,0.18902,-1.2889,-1.1614,-1.0684,-1.247,-1.6318
0.44033,0.046086,-0.66483,-0.55119,-1.062,-0.21172,-0.30444,-0.87903,0.65526,1.0112,1.4119,1.549,-0.36443,0.68515,-0.18147,-0.020891,0.092464,-0.038855,-1.612,-0.045309,-0.24151,-1.9329,-2.3854,-1.4719,-1.3192,-1.7936,-2.0189,-1.0402,-0.58717,-0.3955,1.0462,0.37196,-0.15629,0.30842,0.69113,0.97084,0.052618,0.62882,0.20457,0.77393,-0.26538,-0.2898,-1.4309,0.63558,0.42408,1.4324,1.4818,1.1262,0.92523,0.9484,-0.29201,0.94354,1.0544,1.326,0.37612,0.22282,0.072676,-1.4025,-0.77355,-0.72342,0.2742,0.54523,-0.0064864,0.34313,-0.33975,-0.1605,0.80682,0.023259,-0.65689,-0.13747,0.19405,0.024774,0.13724,-0.90161,-0.13892,0.3679,-1.1418,-0.94697,0.17785,1.1982,0.51776,-0.46497,-1.437,-0.84977,-0.029117,-0.35208,0.067145,0.29924,1.0803,1.1293,2.1559,2.1923,1.3045,0.70881,0.0012151,0.86706,0.38031,0.31384,-0.90113,-1.3174,-0.17972,-0.25348,0.50627,0.69513,0.53913,0.73977,0.92172,1.1135,0.68376,-0.29945,0.33514,-0.7188,-1.1279,-0.52069,-0.64538,-1.5559,-0.88536,-0.74796,-1.0616,0.66505
0.61754,0.87324,0.35984,-0.63489,0.62573,1.0139,0.49853,1.5204,-0.43398,1.1658,1.8818,1.9866,1.9644,1.5193,1.2743,0.42313,0.87908,1.0061,1.4387,1.5359,0.72664,0.55109,-1.0221,-0.12263,0.16531,-0.32248,1.3295,1.5582,1.2209,1.4602,0.97569,0.90534,1.1239,0.76208,0.63964,0.77375,-0.11464,0.78151,0.91898,1.5031,0.41526,0.74623,0.42279,0.11149,1.4689,1.3319,0.88441,-0.036358,0.89654,-0.81845,0.36806,-0.18896,0.30816,0.47533,1.1592,1.4914,1.433,2.0114,2.6199,1.4257,1.4907,1.1705,0.098994,0.16136,-0.50245,0.32142,0.39745,0.27439,-0.40032,0.23901,0.28965,-1.0076,-1.393,0.24723,-0.4875,-0.13426,-0.11867,0.92796,1.4354,1.671,1.565,0.67071,1.7596,1.7382,1.0133,-0.29113,-0.4193,-0.32118,0.38765,0.93389,-0.074176,-0.55075,-0.36117,-0.21034,-0.64218,1.3144,0.40322,0.72553,0.18499,0.45873,-0.15548,-0.23068,0.14658,-0.015123,0.053195,0.72235,0.54824,-0.25719,-0.66816,-0.19515,0.50035,0.44809,1.3542,1.4864,-0.29089,0.38686,-0.49825,-0.86162,-1.9642,-2.8487
-0.12675,0.17927,0.68711,2.3337,1.3886,0.69526,0.35433,1.0916,-0.35382,0.545,0.54971,1.1098,0.99779,1.6497,1.4076,0.84333,-0.83713,0.65507,1.7529,1.1567,0.33789,-0.26122,-0.39281,-0.38022,0.19379,-0.014401,-0.28021,0.57658,0.49677,1.8088,-0.08205,-0.023902,-0.1291,-0.43226,-0.21156,0.24279,-0.31751,-1.0783,-1.7197,-0.94614,-0.83809,0.44312,0.76181,0.85139,0.36746,-0.39447,0.96687,0.91337,0.2672,0.53698,-0.75482,-0.61427,-1.0191,-0.94327,-1.8868,0.028328,-0.93289,-1.8855,-1.7739,-1.6476,-0.29124,-0.11605,-1.0122,-1.2485,-1.7345,-1.5019,-0.6122,-0.42501,0.26978,-0.64971,-1.0416,1.2584,0.83977,0.70521,1.7891,2.6012,2.0523,1.7122,1.0052,0.68337,0.13999,0.3765,1.8148,0.76275,1.246,1.5507,1.0691,0.83786,0.39517,-0.53266,-0.84374,-0.42694,-0.39774,-0.62676,-0.29586,-1.4457,-0.53563,-0.42825,0.80129,0.102,1.2724,0.62155,-0.91611,-0.19573,0.041095,0.15583,-0.10246,0.10874,-0.40637,-0.89898,0.10793,-1.0623,0.013958,0.20886,0.30187,0.90993,0.65874,1.0926,1.2372,0.97786
0.66045,0.18933,1.155,0.010726,-0.10808,-0.49095,-1.4787,-1.8269,-1.223,-1.1103,-0.31437,0.078156,1.3645,0.62125,-0.60195,0.82086,1.1464,1.4385,-0.19247,-1.4655,-2.5243,-2.1064,-1.7051,0.4116,1.0172,1.3957,1.1652,0.77334,0.4687,1.1578,0.42925,0.38091,0.6506,0.59021,0.79677,-0.63953,-0.51517,-0.40292,0.48034,1.1374,1.5435,0.93051,-0.47694,0.21988,0.21566,1.1716,1.3187,-0.24027,1.139,1.1829,1.3577,0.99889,1.2494,0.82309,1.5764,1.1545,1.3988,1.2624,1.8495,0.95811,0.21453,0.51069,0.13568,0.52524,0.7471,0.77836,-0.13452,0.23586,0.068714,-0.20245,0.13319,-0.35598,1.4746,1.3073,0.40869,-0.86832,0.94477,-0.28596,-0.033376,0.68671,1.0716,-0.18735,-0.064718,0.81724,-0.13373,1.4,0.95008,0.9383,0.85656,-1.3898,-0.96297,0.030524,1.2518,1.1918,0.26302,0.65171,0.2667,0.51912,0.76644,0.87296,0.1881,-0.27236,0.51014,0.72541,0.2503,-0.33814,0.074826,0.26173,-0.12048,0.23505,-0.34793,-0.67651,0.10177,0.36463,1.2006,1.3379,0.51664,0.6768,0.7407,0.28784
-0.05065,1.0604,0.75966,0.4574,1.4269,0.70634,0.42508,0.52376,0.03243,0.45149,0.018913,-0.040715,-0.078925,1.365,1.9678,1.0234,0.97952,0.31971,0.29395,-1.2559,-0.72048,-1.156,-0.29399,1.005,-0.31199,-1.1451,-0.12201,-0.24126,0.044815,1.0619,1.5628,0.59617,-0.54109,-0.62329,0.0028455,0.31092,-0.98224,0.86483,-0.75524,-0.48622,-1.1832,-0.30086,-1.253,-1.1439,-0.86499,-0.30266,-0.55661,0.12427,0.2466,0.69215,-0.44829,0.078779,0.61336,0.61791,0.54138,-0.82657,-1.5572,-1.3318,-0.71013,-1.0473,-0.81359,-1.2524,-1.0056,0.54531,0.40863,-0.41723,0.16392,-0.12231,-0.28231,1.0642,0.10813,0.19439,1.4635,1.0301,0.20814,1.3007,1.213,0.33628,-0.036122,-0.17792,0.94232,-1.1716,-1.9349,-0.96243,-0.041334,0.38045,0.28552,-0.3331,-0.83121,0.71787,0.84199,-0.12327,-0.10447,-0.73204,-0.10596,-0.34268,0.063989,0.49844,1.173,0.81713,-0.010489,-0.26127,-0.50315,0.028592,-0.44396,-0.75406,-0.85406,-1.9596,-1.7835,-0.98871,-0.13483,0.24452,-0.57409,-0.91419,-0.29981,-0.78394,0.48088,-0.059029,0.029702,-0.37166
-1.5836,-2.107,-0.93801,-0.99151,-0.61069,-0.28458,-0.33353,-1.3822,-1.2884,-2.5225,-2.1007,-2.2225,-1.7596,-0.76383,-0.82951,-1.102,-0.8306,-1.2189,-1.0109,-0.097524,-0.51223,-0.31724,0.046957,-0.79067,-0.95084,-0.41628,0.0034991,-0.30203,0.49945,0.079968,-0.19517,0.4647,0.27953,0.029156,-1.4402,-1.4279,-0.86796,-0.76105,-1.6015,-1.7574,-1.5285,-1.8724,-1.7717,-0.87579,-0.7287,-0.10305,-0.95576,-1.257,-0.89771,-0.67112,-0.32125,-2.0475,-1.4709,-1.1813,-0.1629,1.0849,-0.29307,-0.030021,-0.0085976,-1.3509,-0.39149,-0.69687,0.35043,0.42267,-0.34004,-0.13555,-0.034473,-0.54272,-0.58063,-1.0702,-1.1022,0.08861,0.014271,0.33863,-1.6044,-1.9672,-1.0332,-0.72194,-0.057576,-0.06997,-0.72764,-0.28854,0.73978,-0.035016,-0.57958,-1.3535,-2.3446,-1.4041,-2.535,-2.2334,0.07981,-0.05188,-1.0871,-0.40321,-0.44387,-0.18572,0.031134,0.47258,0.47472,1.1905,-0.35935,-0.9549,-1.2736,-1.691,-1.6765,-1.2601,-1.2346,-1.2275,-0.91229,-1.3722,-1.6855,-2.1821,-0.96914,-0.4258,-0.43021,-1.8833,-0.28677,-0.27779,-0.062546,-0.95045
0.64957,0.22578,0.018873,-0.66484,-0.34792,-1.4027,-1.9668,-1.7887,-2.0965,-0.69622,0.38524,0.22454,-0.98345,-1.6901,-0.25816,-0.1874,0.8804,0.3875,0.49184,0.46753,0.16025,-0.40239,-0.7168,-1.3847,-1.9709,-0.6475,-0.80608,-0.9782,-0.6832,-0.18488,0.82543,0.32468,-0.29216,0.36394,0.42443,1.458,1.0122,1.3965,0.36108,0.7587,0.83836,2.0801,2.583,0.63452,1.3589,2.1608,1.5923,2.0444,1.5975,1.8521,2.3672,1.9778,0.55124,0.79802,0.41073,0.32571,1.0813,0.81121,-0.048442,-0.037837,2.4622,2.3529,-0.21075,0.74734,-0.10161,-0.6853,-0.11007,0.28695,0.50571,0.76827,0.14567,0.17967,0.20538,-0.49552,-0.55351,0.096405,0.10634,0.2154,1.1046,1.3381,0.19889,0.41584,0.50211,1.1336,0.27795,-0.83422,-1.3043,-0.38897,0.2089,0.040378,0.28625,0.86587,0.40446,0.2027,0.84992,-0.023994,-0.28106,-0.043648,1.1057,1.2081,1.8458,1.6729,2.2664,0.17385,-0.20317,0.092936,0.26809,0.5751,-0.024525,0.45514,1.2196,1.4626,1.2737,0.87553,-0.18242,0.1758,-0.88831,-0.52992,-0.46094,-0.44465
-0.054381,-0.73901,-0.42286,-0.161,0.22274,0.48908,1.0186,1.1285,1.7477,2.3554,1.9155,0.91808,0.39384,-0.54475,0.35109,-1.3118,-2.2429,-1.0704,-0.023866,0.24094,0.26645,-0.33529,-0.61153,-1.1163,-0.69504,-0.15119,0.28685,-1.3055,-0.68865,-0.87433,-1.6287,-1.9079,-1.3603,-1.4033,-1.3532,-0.82201,-0.78551,-0.53793,0.54309,1.0074,2.0561,2.8679,2.1958,2.75,1.6152,1.6224,1.2537,0.48986,0.76634,0.98041,-0.30921,-0.44138,-0.77383,0.28674,0.22975,-0.4896,-0.46746,1.0106,2.2586,0.63282,0.88364,1.2371,0.66644,-0.32432,-0.90501,-0.22753,1.4646,1.9737,1.4823,1.8698,1.7829,1.7134,2.0288,1.9577,0.7154,-0.65567,0.28482,0.23491,1.7753,1.1752,1.3065,1.4758,0.90643,0.064297,-0.41471,0.63989,-0.31811,0.95589,0.056718,0.17861,0.64021,1.7871,2.5935,1.5173,0.56054,-0.60688,0.58919,0.54805,0.58811,0.23537,0.86047,0.05362,-0.16678,-0.085874,0.011557,0.25721,1.021,0.2822,0.50881,0.63197,1.5179,-0.036859,-1.0788,-1.2371,-1.0343,0.084132,0.66278,1.0639,-0.19451,-0.21743
0.66201,0.42291,1.6346,0.51607,-0.68784,-1.0483,-1.862,-0.47924,-0.50376,0.49101,-0.084329,0.17568,-0.54407,-0.31063,-2.0164,-2.439,-0.71731,-0.50653,1.3926,0.43079,-0.5632,-0.499,-1.1087,-0.97434,-0.45205,0.50359,0.15385,-0.30115,-0.26342,0.3095,1.2456,0.92976,0.70719,0.77356,1.083,1.6378,1.5426,1.4265,0.60995,1.423,1.1427,1.5675,0.68091,0.52185,0.60108,1.865,0.82949,0.65737,-0.88829,-0.10465,-0.2784,-0.018527,-0.32498,-0.87449,-0.095314,-0.98323,-0.30263,-0.55777,0.39806,0.31966,0.60304,-0.05128,-0.66918,0.17496,0.27823,0.3322,-0.31699,-0.05244,-0.47121,-0.54707,-0.43144,1.3806,0.19096,-0.18796,-2.0414,-1.8658,-2.5172,-1.1281,-0.58599,-1.1647,-1.0481,-1.4828,0.39469,0.34227,-0.45342,-0.040099,-0.23378,-0.24295,0.62294,-0.41515,0.48987,-0.24539,-0.86558,-0.38199,-0.75416,-1.0059,-0.7422,-0.67154,0.19505,-1.0089,-0.72153,-0.98297,-0.43408,0.136,-0.80881,-1.4374,-1.5341,-0.22525,-0.042671,-0.20331,0.53289,0.9924,0.36708,-0.024574,-0.62206,-0.19687,0.80782,0.73185,-0.51684,-0.21993
-0.5267,-0.031241,-0.15308,-0.85449,-0.21398,0.68812,-0.60252,-0.41421,-1.0433,-1.0971,0.29968,0.018703,0.043962,-0.87149,-1.5332,-2.2659,-0.46912,-0.61049,0.43035,0.92207,-0.17556,0.28704,0.27525,0.47735,1.196,0.13569,-0.10971,0.58522,-0.57996,0.37349,0.088692,0.61954,-0.48658,0.15925,0.19661,-1.8034,-1.7911,-1.5658,-1.7099,-1.4221,-1.4517,-0.56445,-0.15335,-1.4502,-0.12246,0.48575,0.61407,1.1188,1.2427,1.8483,0.81317,0.045277,-0.75932,-0.16478,-0.54098,-0.66789,0.91521,1.1651,1.2109,1.2612,0.028215,-0.38393,0.095212,-0.92838,0.91495,-0.56437,-0.93757,0.55044,0.29352,-0.83446,-1.1845,-0.85884,-0.55943,-0.61842,-0.71161,-0.72047,0.25181,0.28428,2.3312,1.4942,1.0367,0.12141,-0.95821,-1.0946,-1.5777,-0.80696,-0.19192,1.4237,0.040938,-2.1043,-2.3625,-0.96872,-0.74984,-1.1504,-0.50909,-0.42193,0.55784,1.3264,1.1316,0.48471,0.046365,0.86186,0.69863,0.92944,0.19151,1.3234,0.62823,0.1831,0.67038,0.58609,-0.601,-0.5537,-0.53228,-1.3857,-2.58,-2.3282,-2.6534,-1.0781,-0.49004,-0.21893
0.58917,1.4496,0.48547,0.28972,-0.74008,0.44323,0.53233,0.42999,-0.072197,-0.36036,-0.40944,-0.66101,0.13469,0.17765,-0.022547,-0.023065,0.54316,-0.38013,-1.3258,-1.1066,-1.7039,-0.91375,-0.15874,0.58028,-0.24898,-0.0079437,-0.75036,-0.86603,-0.71684,0.1086,0.49779,0.31902,0.099697,-0.61427,-1.8579,-2.3663,-2.023,-1.5833,0.11141,-0.5234,-1.1314,-0.12869,-0.65086,-0.69384,-0.58874,-0.80527,-1.1732,-0.62304,-0.74348,-0.018901,-0.86492,-0.76595,-0.26172,-0.88774,-0.23937,-0.079769,-0.056583,0.042621,0.039371,-0.11446,-0.29516,-0.64375,-1.6135,-0.25986,-0.84865,0.8615,-1.1452,-1.1693,-1.1665,0.044818,0.55046,-0.11013,-0.39895,-0.36525,0.012562,0.23688,0.4456,-0.15639,-0.64099,-2.3613,-1.5944,-1.8118,-2.4516,-1.9831,-2.5256,-2.4609,-1.9483,-1.5343,-1.7102,-1.4754,-1.4989,-1.5022,-0.69569,-0.71991,-0.77622,-0.87863,-0.47837,-0.89492,-1.3466,-1.3394,-1.2288,-0.99532,-0.72095,-0.56789,-0.20966,-0.55472,-0.67117,0.18156,-0.46793,-0.33784,-0.44138,1.3778,1.9621,1.2529,0.99702,0.14695,-0.032836,0.009786,-1.2566,-2.0416
-0.03926,0.35962,-0.45343,-0.47327,-0.74515,-1.6125,-0.68284,-0.41892,-0.78172,0.61731,0.21553,0.23689,1.0435,0.52638,-0.10494,0.2875,0.31817,-0.64614,0.91854,1.3636,-0.092617,0.86211,-0.007018,-0.54339,0.18639,0.48829,-1.6077,-1.8231,-0.44534,-1.1063,-0.95147,0.15554,0.48265,-0.43896,0.94169,0.93085,1.4335,0.88083,1.1272,0.20868,-0.39464,-0.22881,0.3741,0.15318,0.89037,1.1407,1.1061,0.70812,-0.61577,0.56192,0.1089,-1.0938,-0.80346,-0.91589,-1.2881,-0.31846,0.80179,-0.10055,0.032861,1.0164,0.94883,0.3652,-0.10535,-0.72795,0.70343,0.38004,0.31439,-0.074487,-0.026291,0.85199,0.39504,0.13588,1.4549,1.2188,1.8435,2.0766,0.021252,0.45886,1.145,0.77775,-0.40863,-1.001,0.012627,-1.1663,-1.0608,-0.69584,-0.009588,-0.39936,0.10225,0.33682,0.99467,1.4946,1.3052,1.9138,1.3408,0.36993,-0.208,-0.77538,-1.3598,0.3478,-0.62241,-1.6499,-1.1807,0.028822,-0.27617,-0.11531,-0.27337,0.76483,0.21968,1.0167,1.3206,0.90487,2.5197,1.6536,1.6064,-0.05744,0.13653,1.3741,0.18347,0.78385
0.96742,0.077477,0.10879,0.063283,0.77072,-0.66439,0.20473,0.39805,0.17903,-1.0881,-0.55301,-1.672,-1.2331,-1.4084,-1.2645,-0.37733,0.075048,0.01824,-0.72336,-0.3833,-1.7012,-0.5732,-0.68776,0.43092,1.3232,1.4246,1.1886,0.39053,0.59168,-0.13009,1.1651,0.68299,0.26909,-0.94029,-0.87828,0.29991,0.18035,0.14528,0.37358,0.19654,-0.60379,-0.46782,-0.13483,-1.7097,-0.45226,-0.1751,0.10128,-0.14959,-0.28161,-0.95722,1.0549,1.16,0.90293,0.60913,0.39754,0.45977,0.37902,-1.7599,-0.81646,0.15514,1.3038,0.48277,-0.071584,0.087633,-0.62942,-0.058724,0.55248,1.0094,0.74815,0.35989,-0.27867,-0.26719,-0.51259,-0.2411,-0.36378,-1.3919,-1.2758,-1.1956,-1.1116,-2.3069,-2.6639,-2.1989,-1.2991,-1.2699,-0.55974,-1.0789,-1.2342,-1.2675,-1.9452,-2.0872,-1.3527,-0.68763,-0.8999,-0.22678,0.070264,0.15935,0.15393,0.14038,-0.67713,0.21545,0.81548,0.9294,1.1795,-0.71626,0.81282,1.2618,0.94986,0.68022,0.32977,1.7053,1.7105,1.361,-0.33462,-0.072837,-0.6962,-0.8807,-0.28876,0.073848,0.23311,0.73216
-0.041282,-0.36527,-0.20018,-0.62576,-0.020669,0.025665,-0.065632,0.40018,1.6142,1.5097,1.0978,1.11,2.7089,2.0006,1.1565,1.2921,1.0177,0.95323,-0.20368,-0.035156,-1.629,-1.462,-1.2647,0.056128,0.52833,2.2325,1.8096,1.1329,2.6073,1.9372,1.5898,-0.5071,-0.70933,-0.2312,-0.19764,-0.53256,0.077695,-0.78418,-0.89146,-1.2208,-0.23639,-1.9212,0.065633,-0.16503,0.060336,-0.33916,0.16342,0.30321,0.15423,1.193,1.3503,2.1726,2.6841,2.5201,1.7843,0.76883,0.76729,1.1328,0.49202,0.7434,1.5752,2.7058,2.358,1.7229,1.5043,0.402,1.5397,-0.54629,-0.95422,-2.5845,-1.5759,-0.40285,0.10742,-0.81111,-0.13975,0.66753,0.83197,0.027408,0.12395,0.11944,0.53466,2.3304,2.8634,1.9338,2.2636,1.3021,0.81166,1.8078,1.2951,-0.048134,-1.088,-0.53709,0.64953,0.091549,0.57125,0.51776,0.33166,0.6795,-0.44342,0.30926,-0.03141,-0.58709,-0.7072,0.37093,-1.0676,-0.342,0.1757,-0.59116,0.046757,1.5682,0.52407,-1.1179,-0.57937,-0.16521,1.241,-0.80395,0.002233,-0.27324,-0.73563,-1.5848
-0.62033,-1.5627,-2.3127,-1.8485,-1.7346,-1.7397,-0.87751,-0.3201,-0.83129,-0.80881,-0.48955,-0.23534,-0.019029,-0.59251,-0.42035,-0.30392,-0.02914,-0.41465,0.29515,0.55587,-0.2039,0.28278,0.65703,0.58011,-0.44748,-0.78697,-1.3374,0.20265,0.25263,0.48574,0.4454,0.46444,1.205,0.66747,0.3644,0.20173,0.748,0.84183,1.8812,1.2857,-0.044481,0.12408,1.0355,1.7322,2.5155,2.2037,2.2497,1.3251,0.50041,0.5047,0.088933,-1.6147,-1.1863,-0.92166,-1.2145,-1.7406,-2.7722,-2.4167,-3.0935,-1.4596,-0.69887,0.34895,0.80869,0.66958,-0.041827,0.488,0.84866,1.7574,1.3965,1.7028,1.6067,1.7102,1.087,0.24748,0.50417,0.83806,0.041275,1.2469,1.9749,2.1027,1.3648,1.1433,0.12485,0.042851,0.72829,-0.50964,-1.2401,-1.0833,0.16986,0.3263,0.45274,1.1398,1.7308,2.1497,0.5471,0.50874,0.89751,-0.25783,-0.97647,0.15959,-0.23558,0.16446,0.72558,0.84161,0.42875,-0.057982,1.6873,0.36332,0.5567,1.2592,-0.19103,0.23681,0.16848,-0.50451,0.60889,0.93927,-0.070008,0.62065,0.053874,0.086597
-0.030674,0.32187,0.93186,0.75292,-0.019789,-0.19641,0.36367,0.1564,0.56957,2.2519,1.7317,0.40708,1.0305,-0.5174,-0.71098,-0.42374,-0.21623,-0.62526,-0.070645,-0.3287,-2.3298,-1.7484,-1.0489,-0.71765,-1.192,-0.45982,-2.3533,-1.6059,0.06806,-1.3044,-2.0186,-2.495,-1.8142,-1.2109,-0.84383,0.29133,-0.1649,-1.4348,-0.66517,-0.045464,-0.22593,-1.2097,-1.1862,-1.2776,-0.46086,-0.47208,-0.40578,0.20057,0.99793,1.8483,1.6069,1.2831,0.57138,0.83312,1.148,0.48321,0.42551,-0.72743,-0.64956,0.3674,-0.0049307,1.4333,1.9098,1.5564,0.12145,0.31079,0.71797,-0.24891,-0.11859,0.13144,0.11762,0.33622,1.091,0.72557,0.15865,0.053012,0.45302,0.71119,1.0201,0.423,0.48262,0.068536,0.8105,0.96027,0.52593,0.0064366,-0.8834,-0.86152,0.13317,-0.023403,0.077022,-0.0050198,-0.504,-0.77282,-0.54262,-0.001202,-0.95913,-0.53441,0.44542,0.87784,0.70105,0.23657,-0.044683,0.90355,0.32878,-0.24168,0.48305,0.18672,-0.75548,0.24205,0.18213,-0.088694,0.44742,0.84968,0.89979,1.4843,1.4321,0.89138,0.49246,-0.49824
2.1229,1.65,0.46935,1.2582,1.0089,0.7175,2.8949,1.5436,1.0452,-0.13425,0.25316,-1.7101,-0.64143,-1.4867,-1.1633,-1.4376,-0.17089,-1.3691,-1.4925,-0.98426,-0.73521,-0.63657,-0.86036,-0.93648,-0.9413,-0.38026,0.37686,1.0654,-0.7975,-0.76677,-0.65054,-0.0025711,-1.452,-1.2015,-1.0571,-2.0799,-1.5944,-1.4294,-1.4279,-0.86562,-0.91213,-0.50901,-0.44232,0.37007,0.14135,1.7443,2.0634,1.374,1.5467,0.79618,0.55289,0.996,0.5608,0.54274,-0.32512,-0.16588,0.23413,0.70292,0.1968,-0.14841,0.14513,-0.13861,0.30468,1.2247,0.61862,-0.65144,-0.79036,-0.18252,-0.17704,-0.41788,0.075237,-0.13648,-0.99104,-0.8082,-1.4484,-1.9864,-2.5369,-1.8797,-1.9866,-2.498,-2.4451,-1.091,-0.40405,0.20475,0.67455,-0.43717,-1.1087,-0.68369,0.10309,-1.3589,-1.7491,-1.3784,-0.70006,0.38111,1.2576,0.70791,1.4422,0.16586,0.28012,0.73495,0.22502,0.47271,0.67756,0.23032,0.071974,-1.0679,-1.1683,-1.1507,-0.71989,-0.60794,-0.77171,-0.84642,-0.64404,-1.2334,-1.2672,-2.0348,-1.5703,-0.63835,-0.2075,-1.1135
-0.46082,0.15399,-0.69395,-0.24859,-0.12251,0.47555,-0.091531,-1.0647,-2.0094,-1.7377,-0.9679,-0.75894,-0.28479,0.7604,0.12642,-0.62821,-0.21706,0.38659,0.078617,-0.13662,0.31496,-0.44419,-0.60284,0.93702,0.25034,-0.074775,0.065622,-0.81238,0.61528,1.5958,1.557,0.4027,-0.17162,0.75268,0.81796,1.0824,1.2938,1.4197,1.4659,1.0391,-0.59477,0.47236,0.75791,0.57606,0.92931,0.71623,0.51181,-0.70669,-0.66232,0.088941,1.2814,1.0613,1.2223,0.81185,0.9091,-0.021754,-1.6007,-0.26795,0.65863,0.29177,0.26942,-0.97849,0.69723,1.4786,1.5532,1.9329,-0.57406,-0.74144,1.0394,0.31293,0.30408,1.4601,0.44004,-0.52329,-1.6405,-2.0777,-0.9362,-1.3299,-1.0081,0.28677,0.98521,0.9352,-0.12835,0.13447,0.42851,0.59088,-0.14441,0.61788,-0.31435,0.25586,0.088412,0.065116,0.7419,1.1704,0.87747,1.2425,1.9033,2.5602,1.9162,1.438,0.8426,1.2641,1.5548,0.40466,-1.0625,-0.28082,0.067396,-0.68023,-1.31,-1.2641,-0.14018,0.15131,0.78604,1.0861,0.89158,0.97069,1.3339,1.1115,0.23361,-0.19365
1.5154,1.3542,0.30499,-1.4428,-0.36512,0.17012,-1.0031,0.56474,0.058464,0.19692,0.27178,0.63661,0.92197,1.1344,1.5318,1.7034,1.2932,0.38959,-0.23641,-1.2642,-0.81103,-0.69644,-0.25825,0.15796,0.42774,-0.8214,-0.97244,-1.3219,0.79451,-0.0086871,-0.087822,-0.048434,-0.2172,-0.15994,-0.11173,-0.051523,-0.67139,0.61923,-0.69058,-0.37263,-1.6816,-0.14919,-1.6365,-1.1556,0.26258,-0.48165,-0.78891,-0.40912,-0.13792,-0.0361,-0.19481,0.14636,0.7046,0.25004,-0.99578,-0.10219,1.4507,1.0324,0.55305,0.45477,0.61281,-0.26607,-1.1061,-2.1533,-0.4479,0.37326,0.50619,0.18705,1.0474,0.21877,1.6458,1.2442,0.66552,0.17902,-0.089154,-0.83883,-0.93984,-1.2239,-0.90285,-1.9817,-0.94806,-1.2271,-1.205,-0.49353,-1.0161,-0.30481,-0.40706,0.74294,0.84554,0.4746,-0.47279,-0.30977,-0.40392,-0.46996,-0.05997,-0.43903,-0.14765,0.26972,0.23961,0.2797,-0.059694,0.42299,0.78446,0.35246,-0.64894,-0.18699,0.21102,0.15459,0.29576,1.29,1.4508,0.33927,0.52222,0.87243,0.81757,-0.058928,-0.76762,-0.39289,-0.1576,0.38416
-1.9545,-0.69528,-0.4437,-0.53184,0.41794,0.027618,0.24278,0.87688,2.4199,1.9606,1.027,0.60737,0.96637,0.48907,1.3661,0.91078,-0.21116,0.064248,0.39565,0.5199,0.42554,1.0757,1.4591,1.1986,2.6505,1.1392,0.74407,0.5818,0.039372,-0.2675,1.0543,1.0028,0.67161,-0.057002,-0.23783,-0.064177,0.11037,0.35898,-0.43237,-1.175,-0.76778,-0.78377,-1.143,-0.70104,-0.9425,-1.0348,-0.7178,-0.16588,0.36816,0.17634,-0.91755,-1.2005,-1.5093,-0.96326,-0.66436,-1.4585,-1.0567,-0.32098,0.1972,0.16482,0.44461,0.33657,1.5617,-0.48803,-0.037189,1.4625,0.76423,-0.0024736,-0.38301,-1.5107,-1.7811,-1.9362,-0.75595,-0.50742,-0.39938,0.28468,-0.54766,-1.3897,-2.0799,-2.2783,-0.86973,-0.55321,0.070828,0.0042297,0.40168,0.62093,0.042815,0.48358,0.34602,0.9492,1.2737,-0.38443,-0.60966,-0.79279,0.15622,-0.37025,0.28341,-0.91069,-1.0765,-0.77597,-1.5223,-1.8756,0.28969,0.25749,-0.38155,-1.3003,-1.2752,-0.10418,0.18095,0.19484,-0.69956,-1.0603,-0.63876,-0.59159,-1.4137,-0.74153,-1.3126,-1.3434,-0.89643,0.59962
0.81286,1.3214,1.3296,-0.42277,-0.66191,-0.70213,-0.19422,-1.9449,-1.3207,-2.1531,-2.4023,-3.3048,-1.7459,-0.24488,-1.611,-0.75127,-0.86918,-1.6307,-1.8288,-1.6293,-0.77022,-0.11034,-0.32704,-0.8065,-0.39438,-0.86324,0.61792,1.0383,1.2307,0.24758,-0.33423,-0.74178,-0.78671,-1.0376,-0.98539,-0.18453,-0.56616,-1.4658,-0.74242,-1.1862,-0.40183,-0.98161,-0.84073,-0.39098,-0.81993,-0.55822,-0.87098,0.35517,0.78243,0.28854,-0.4934,-1.3998,-0.92846,-1.3299,-0.72831,-1.1219,-1.9333,-0.12834,-0.0097618,-0.75819,1.6963,2.0259,2.2514,0.88781,1.6721,0.34711,0.89957,-0.10881,-0.59992,-0.61619,-0.8191,-0.24191,0.23957,0.91534,0.28575,1.0582,0.8849,0.56459,0.04331,0.9661,1.007,0.68763,0.59067,1.2077,0.93465,1.5217,0.75409,-0.86377,-0.29821,-1.3865,-2.0022,0.13893,-0.90825,-0.026218,-0.27507,-0.77474,-1.8009,-1.3625,-0.40526,-0.47423,-0.4653,0.5915,-0.95821,-1.0671,-1.4167,-1.263,-0.37041,1.0339,-0.2602,-0.86679,-1.0607,-0.0172,-0.38365,0.11218,0.089173,0.5816,1.1726,0.65346,1.1438,1.6638
2.7286,2.9464,2.7911,1.3967,1.2806,0.14069,-1.6512,-0.42675,-0.5019,-0.45159,1.2492,1.2945,1.5616,0.17028,0.1834,0.79063,0.43628,0.33639,0.96594,1.3748,0.61267,0.3361,-0.065407,0.48747,-0.17848,-0.023048,0.19294,0.45989,-0.73222,0.15929,0.99015,0.38511,0.90073,0.93774,0.27777,-0.56987,0.53756,0.49891,-1.5898,-0.77813,0.97745,0.78164,0.11452,0.96003,0.8661,0.98473,0.64854,1.1021,1.6895,1.4693,2.1871,1.5222,1.1516,1.622,0.8572,0.10853,0.27547,-0.25805,-0.62487,-1.9581,-1.2862,-0.33366,0.28057,-1.32,-0.98779,-1.2268,-0.61618,-1.6372,-1.8566,-0.59329,-1.4067,-1.9747,-1.4204,-0.49216,0.95661,1.6704,1.3455,0.60906,0.57874,0.82249,-0.074883,-0.94768,-1.4424,-2.4307,-1.4149,-2.0685,-1.7707,-1.1893,-0.76554,0.11545,0.1718,1.1802,1.5983,0.14806,-0.02783,-0.75212,-0.31841,1.6659,1.5241,2.1086,2.4162,0.3326,-0.23715,0.27611,0.91169,0.28394,-0.52395,-0.58586,0.5884,-0.37653,-0.48776,-1.3763,-2.2325,-0.23233,-1.2599,-1.1083,-0.06393,0.44373,-0.59092,-0.59347
1.4658,-0.40057,-0.90077,-0.33603,0.21187,-0.35141,-0.79225,-1.2738,-1.4328,0.11815,-0.9442,-0.41702,0.19131,0.17628,-1.9475,-1.8516,-1.6181,-2.605,-1.9683,-0.54332,-0.30753,-0.10147,-1.86,-0.42136,-2.4242,-2.1439,-1.1993,0.12641,1.1372,1.513,-0.048283,0.85824,0.78698,-0.81528,-0.72363,-1.5706,-0.90798,0.83768,0.087739,0.42839,-0.92009,-0.81647,-0.19575,0.57422,-0.12482,-0.21628,-1.1741,-0.99314,-1.7219,-0.93551,-1.0678,-0.87189,-0.40773,-0.1184,-0.27989,-0.86702,0.17222,-0.92317,-0.88726,-0.55627,-0.00025924,0.22965,0.92385,0.21609,0.29178,0.60668,0.92251,-1.2132,-1.2985,-1.7474,-1.5005,-1.0613,-0.17747,-0.94184,0.1363,0.083494,-0.84797,-1.5687,-1.7956,-1.5505,0.01215,0.0048091,-1.1437,-1.1451,-1.2193,-0.011895,-0.008662,-1.2146,-0.66371,-0.70092,-0.014762,-0.4598,-0.16295,0.52512,0.031437,-0.31757,0.56618,0.6084,1.1672,1.6505,0.47279,0.29332,-0.41644,0.38897,0.12498,0.40925,0.029442,0.22699,0.29354,-0.4658,-1.2885,-1.0441,-1.2055,-1.7683,-1.0197,0.42933,-0.2221,0.12982,-0.050694,0.57643
-1.4256,-0.43901,-0.15085,0.62603,1.3758,0.8473,1.2006,0.12099,0.68522,0.47299,0.89898,0.80286,0.54917,-0.46934,-1.4283,-1.0356,-1.8534,-1.4251,-1.5977,-0.52345,-0.21556,-1.3025,-1.1971,-0.89832,-0.33354,0.52611,1.0123,0.67961,1.2853,0.38263,0.53622,0.33226,0.69716,0.15836,-0.75739,-0.68023,-0.050605,0.49449,0.58781,0.36548,-0.75677,-0.44216,-2.0468,-1.395,-0.38861,-0.034251,0.98088,1.2626,1.0674,0.13887,1.0505,0.49004,0.13242,-0.45806,-1.1342,-0.37421,-0.6247,0.76632,-0.52132,0.69088,0.60426,0.37253,-0.67667,0.11336,0.90292,1.703,1.9093,1.9237,1.4255,0.97799,0.29065,0.73722,-0.758,-2.1947,-3.4703,-2.3495,-2.4436,-1.2087,-0.14653,0.52676,0.73723,1.7743,1.5379,0.22464,-0.39669,0.24944,0.64785,-0.18986,-0.78221,-1.3876,-1.5417,-1.4036,-1.2558,0.010727,-0.55143,0.065227,1.1598,1.507,-0.47543,-1.0486,-0.97413,0.71179,-0.49477,-0.21384,-0.97882,-0.68172,-1.3271,-0.84035,-0.59749,-1.134,0.10673,0.63114,-0.74501,-0.62921,0.22669,-0.53466,0.17087,-0.25309,-1.1838,-0.9674
1.3258,1.6915,2.8837,1.7141,2.5252,1.2525,-0.36125,0.30658,-0.14744,1.3531,1.385,0.8688,-0.35129,-0.71864,1.6953,0.62731,-0.16033,-0.77537,-1.8246,-1.5452,-1.9198,-1.6042,-0.4775,-0.096969,-0.85909,-0.74414,-1.6512,-1.6005,-0.33247,0.31125,-0.77241,-0.17793,-0.27877,-0.68503,-0.69626,0.073995,0.27496,-0.53669,-0.68454,-0.85355,-0.59776,-0.50337,1.3469,2.0041,2.9493,2.9122,1.8925,0.0032899,0.24211,0.51595,-0.10027,1.1433,0.83358,2.0778,0.86465,0.66134,-0.096129,-1.6572,-0.32272,-0.50904,0.35406,0.38379,0.045431,-0.40021,-0.51942,-1.2992,-2.1083,-1.2518,-0.37144,-0.38665,-1.2356,0.16986,-0.20997,0.51841,-0.44582,0.034893,0.41767,-0.30532,-0.64983,-0.94373,-0.58825,-1.9272,-1.8738,-0.32796,0.61071,1.0507,0.33737,1.7445,1.1656,0.67641,1.0671,-0.23066,0.70654,0.40504,1.5713,-0.71281,-1.1118,-1.1313,0.41986,-1.2643,-1.5895,-1.756,-1.0005,-0.88979,-0.90796,-1.1131,-1.0211,-2.0075,-1.0477,-1.3462,-2.2676,-1.1865,0.13525,0.26238,0.30106,-0.11263,-1.0803,-0.69675,-1.6428,-0.73315
0.46165,1.3361,2.1636,0.82272,0.54153,-0.13663,-0.12682,-0.34308,-0.99612,-0.1255,-0.23267,-0.89601,-1.1,0.08993,0.49826,0.56422,0.72982,0.094397,-1.497,-2.2465,-0.62678,1.1364,0.76267,1.0882,-0.25937,-1.3121,-1.4027,0.77171,0.80592,1.0677,0.31882,0.1764,-0.43642,0.27044,0.13595,-0.10775,-0.62197,0.31103,0.35991,1.0574,1.6665,2.1509,1.0063,-0.39121,-0.2336,0.70762,-0.66654,1.1492,0.52332,0.31968,-0.15617,0.41094,0.19753,-0.7134,0.00013342,-0.18016,-0.44945,-1.1367,-0.75684,1.2559,1.8021,0.15463,-0.32382,0.66976,0.25642,0.39149,-0.39998,-0.16696,-1.4893,-1.6302,-1.1561,0.066099,0.71755,1.5957,1.9765,1.6439,1.3776,1.4767,0.49783,-0.96267,-0.083408,-0.70308,-0.20482,-1.3289,-0.29482,-0.66208,-1.2942,-0.8437,-0.27035,-0.87549,-1.2773,-1.8057,0.48335,1.0884,2.3252,2.4125,1.6968,1.82,2.8945,1.614,0.11415,-1.1915,-0.47764,0.33763,0.46267,1.6949,0.71344,-0.85548,-0.051972,-0.83917,-0.91764,-0.25688,-0.80508,-1.1313,-0.15835,-0.9009,-1.3974,-2.3964,-2.7056,-1.398
-0.44539,-1.8377,-0.88711,-0.7238,-0.34249,0.45432,-0.62523,-0.032671,0.088273,-0.044856,-0.032865,0.018385,0.12656,-0.14387,-0.88724,-1.9841,-1.6012,-1.5197,-1.9484,-0.47815,0.46256,0.023216,-0.32191,-0.35912,-1.0424,-0.083939,0.22949,1.2043,0.44411,0.95653,-0.30421,0.364,-0.29751,-0.54355,-1.5128,-1.6705,-1.0129,0.80856,0.20435,-0.14764,0.58723,0.43366,0.24821,0.51093,-1.0087,-0.85271,-1.0104,-1.2533,0.73216,0.49769,-0.67678,-0.060043,0.67702,-0.48864,0.60501,0.17142,-0.77343,-1.0746,-0.40189,0.76849,-0.36224,1.4729,1.9357,1.4855,1.4257,0.094743,-0.37608,0.53129,1.2529,0.75781,0.35863,0.049993,0.22091,-0.64098,0.67461,1.2655,1.5641,1.8554,1.6209,1.6478,1.1243,0.045032,0.44643,-0.15653,0.63438,0.4292,0.16006,-0.52298,0.45501,1.5548,0.70235,1.6685,1.6142,-0.9125,-0.42198,-0.78976,-0.77486,-1.5959,-2.4106,-2.4986,-1.3597,-0.52957,0.057005,-0.015935,0.097932,-0.89611,0.33699,0.10494,0.75578,1.3112,2.1882,0.85688,0.028806,-0.14687,-1.183,-0.95253,0.24135,-0.66998,0.10143,0.3415
-1.2579,-2.7317,-1.7776,-1.0515,-2.3437,-1.1258,-0.50831,0.28951,0.34609,0.84202,1.6308,1.8965,1.254,1.0603,-0.21355,-0.30042,0.18857,0.62641,0.85478,0.60478,-0.39684,-0.85055,-1.8865,-1.3743,-1.3306,0.35626,-0.077275,1.625,1.3913,0.95576,0.21146,-0.97523,0.16005,-0.13211,-0.24582,-0.26202,-0.51643,-1.4201,-0.47939,-0.30637,-0.27561,0.50918,0.939,0.0093344,1.2194,1.661,1.3178,-0.298,-0.65762,-1.3981,-0.85586,0.091754,0.91543,-0.76283,-1.4323,-0.8956,0.53785,-0.31849,-0.4914,0.09765,0.099847,-0.91859,0.0076779,0.93243,1.9412,2.363,2.8782,2.9694,1.1655,0.94357,0.60051,1.2978,0.27109,1.2975,0.28836,0.19955,0.77235,0.41428,0.5119,0.32863,-0.23926,-0.98595,-1.5098,-0.17631,-0.64342,0.48217,0.54789,1.2441,-0.079573,0.27299,-0.60838,0.36654,-0.81065,0.76872,0.07622,-0.52611,-0.79427,-0.5942,-0.32659,-0.20004,-0.22554,-0.48892,1.4402,1.6143,1.051,0.65793,0.91164,1.6199,1.4623,0.85521,0.36788,0.47164,0.60009,-0.28855,-0.17799,-0.58152,-0.098162,0.35958,-0.039541,-1.5294
0.218,-0.31083,0.4908,-0.56025,-0.26958,-0.041432,1.3383,0.80427,1.6896,1.6854,0.81268,0.47581,0.19082,0.37596,0.42444,0.80715,1.1226,1.5808,0.82996,1.0971,0.41131,0.41193,-0.063347,0.21652,-1.7747,-0.24629,-0.037091,-0.23965,-0.10884,-0.38379,-0.35717,-0.56829,1.6266,1.3102,2.3308,1.6049,1.4885,1.9358,1.4114,0.7457,0.66775,0.62541,-0.82472,-0.98593,-0.71546,-1.325,-0.50237,-2.2842,-0.76754,-0.89587,-1.6716,-1.2811,-0.35424,-0.81,-0.59943,0.13132,-0.26659,-0.11848,0.034704,0.50951,1.6859,1.3363,0.17172,0.74575,-1.0075,-1.4152,-1.517,-1.134,-0.79249,0.19762,0.63195,-0.23039,-0.52259,-0.26039,0.15163,-1.1255,-0.34048,0.03358,-0.27701,-1.2845,-2.352,-0.31914,-0.34773,-0.28382,0.76561,1.442,1.0255,0.070381,1.227,0.76092,0.96523,1.2457,1.6337,0.0022718,0.39927,0.50211,1.059,0.081326,0.47182,1.6077,0.42839,0.74122,1.4023,0.60523,0.29032,-0.81675,-0.70887,0.65505,0.44743,1.0311,0.81563,1.3953,1.1832,0.087257,0.69143,2.0667,1.1688,2.2897,1.0668,-0.4275
0.42932,-0.99412,-1.1198,0.74305,-0.10781,0.53345,0.098656,0.83175,1.0474,0.90015,-0.18909,-1.5045,-1.1421,-0.64371,-0.41746,-0.7443,-0.50259,-0.58019,-0.75734,-1.4713,-1.7295,-1.731,-1.1913,-0.90568,-0.82241,-0.22327,-1.4991,0.019597,0.95358,0.17274,0.25452,-1.4062,-1.2756,-0.27699,-0.21722,0.10903,0.80125,-0.080999,0.014686,0.25467,0.4101,1.0052,1.1094,1.6045,0.91937,-0.031871,-1.5176,-0.6323,1.4359,1.3646,0.97904,1.3091,1.1135,0.26585,1.5075,2.3815,2.2682,1.4639,1.0976,0.97149,-0.91836,-0.59439,0.18378,-0.023682,0.40182,0.93302,-0.87458,-0.20831,-0.31757,-0.29496,-0.54527,-0.4296,-0.50688,-0.70133,-1.2735,-0.89501,0.4006,0.44892,0.4806,0.70755,0.15032,0.22219,-0.64417,1.0563,-0.53084,-0.60319,-0.17929,1.1358,0.058315,0.49997,-0.36066,0.28808,0.17152,0.33119,-1.3988,-0.52448,-0.55907,0.73792,1.18,1.1738,1.1172,0.3549,0.5678,-0.20603,-0.97755,-0.72316,-0.20735,-0.24772,-0.16617,-0.23274,0.31343,0.63857,-0.31067,-0.78724,-0.59077,-0.6492,-0.045398,-0.48577,-1.5902,-0.73622
-1.4002,-0.078949,0.87322,1.37,2.61,1.7296,0.35392,-0.3515,0.12984,0.19204,-0.3673,-1.0551,-0.63017,-0.75445,-0.99809,-0.36309,0.734,0.0052826,1.2405,0.46215,-0.47675,-1.0923,-1.1113,-0.70482,-1.054,-0.005311,-0.3173,0.78546,-0.18867,0.72792,-0.39417,0.26951,0.51586,0.39795,0.29431,0.96471,0.053389,0.55793,0.61827,-0.54871,-0.88301,0.23527,-1.1762,-0.14056,-1.4779,-1.5081,0.71404,0.31821,0.50747,0.9193,0.68514,-0.050304,-0.19988,0.92438,0.92466,0.91347,0.72888,0.20101,-0.46804,-0.26771,-0.26906,-0.95732,0.88155,0.16636,-0.32409,-0.99801,-1.7866,-1.1729,-0.012435,-0.96691,-1.2452,-1.2547,-1.6417,-1.4528,0.34994,-0.53155,0.52367,-1.0393,-1.8032,-0.017908,1.1342,1.0975,0.57853,-0.44796,0.066385,-0.9222,-1.7337,0.20316,0.089107,0.65727,0.37542,0.69821,0.66246,0.62656,1.3705,-0.12772,0.91058,0.24163,0.65338,-0.092079,-1.7288,-1.2384,0.63352,2.1127,1.673,1.07,0.21961,-0.508,-0.69418,-1.316,-1.4111,-1.5349,-0.65442,-0.64168,-1.0543,-0.99122,-1.028,-0.58521,-1.008,-1.4726
-0.75971,-1.1852,-1.2439,-0.96586,0.059796,-0.96337,-1.5482,-1.1121,0.12819,-0.49509,0.56392,0.9762,0.72115,1.2719,0.30737,0.55789,-0.05269,-0.22352,0.74551,0.23719,-0.74606,0.81149,0.12161,0.40136,-0.51191,-1.2419,-1.7841,-0.75124,-1.4124,-0.48712,-1.4253,-0.27649,0.75155,0.31262,-0.34146,-0.3035,-0.22782,-1.4212,-1.1907,-0.093461,-0.19963,-0.53936,0.88194,0.28247,0.14868,-0.77837,0.37992,0.72817,1.8918,0.93765,0.85616,-0.077952,1.2947,0.94256,0.49665,1.3993,1.2418,-0.74447,-0.99841,-1.1955,0.24056,-0.34073,0.17188,0.43617,0.025729,-0.31486,-0.79498,1.0119,0.65291,-0.046092,-0.18702,0.55728,1.7964,-0.25081,-1.0636,-0.46632,-0.094081,-0.13585,-0.66219,0.7974,0.95885,1.039,-0.2609,-0.72132,-0.57436,-0.66136,-1.3053,-1.5906,-0.51676,-0.44203,-0.15184,0.37546,-2.0162,-1.5727,-0.96198,-1.6966,-1.3502,-0.49415,0.74522,0.7884,0.68518,0.72285,0.059779,0.15533,0.5776,0.35796,-0.35669,-0.32715,-1.1874,-1.1252,-0.76079,0.2972,-0.52874,0.035927,0.57955,0.066798,0.093755,-0.44829,-1.2145,-0.20458
0.66899,0.87161,-0.51609,-0.51618,-1.0034,-1.8083,-0.22792,1.2554,1.7363,1.2159,-0.12929,0.67894,1.0114,-0.084921,0.16364,0.66145,0.17614,0.54661,-0.12683,0.86023,1.7536,1.3385,-0.29153,-0.67171,-0.040768,-0.74955,-1.3926,-1.0445,-0.25244,0.91241,0.47575,0.58767,-0.36681,0.1178,1.1674,1.0464,0.15629,-0.49202,-0.67896,-0.52738,-0.0239,0.2207,0.19131,0.20508,-1.6147,-1.7734,-1.9302,-0.077772,-0.6701,-0.52963,-1.4493,-1.5103,-2.4457,-1.5821,0.61812,0.86717,1.1134,0.83349,0.84663,-0.030046,0.19986,-1.2922,-1.3978,-0.97592,-0.58944,-2.4941,-2.2173,-1.9338,-0.24677,0.11503,-0.2854,-1.8506,-0.19033,0.70675,1.2127,-0.36549,-0.45383,-0.55567,-0.3198,1.4729,2.223,0.65521,-0.0085386,1.0658,0.67384,-0.70145,-1.2724,-1.4308,-1.2646,0.40261,0.72966,0.16793,0.45836,-0.3905,-1.1133,-0.54427,-1.4379,-0.39947,-2.2822,-1.4243,-2.1468,-1.54,0.20505,1.151,-0.27664,-0.28481,0.091175,0.88656,1.0884,1.0965,0.49818,0.47865,-0.12723,0.27356,0.13598,-0.14632,-0.54244,0.33936,0.37917,-0.039772
1.0394,0.14673,-0.65552,-0.60869,-0.83069,-0.25678,-0.26618,-0.73147,-1.0771,-0.049577,0.30653,0.35774,-1.3762,-1.9354,-1.8354,-0.74527,0.31109,0.90836,1.3534,0.37168,-1.7807,-0.64766,-1.1049,-1.0774,-0.72218,-0.37983,-0.31114,0.48695,0.51612,0.053489,0.22735,-0.70804,-1.3453,-0.22664,0.72072,0.80432,0.37842,0.57526,-0.0093246,0.062945,0.62837,0.67278,0.48064,1.2574,2.4806,0.025975,0.2569,-0.65534,0.68308,0.4137,0.95787,0.3721,-0.58877,-0.6904,0.027758,-0.91124,-1.3109,-1.0061,-0.5451,-1.5788,-1.3062,-0.20887,-1.0214,-0.95274,-0.28094,-1.1952,-0.63567,0.90399,0.19397,0.35787,0.27854,-0.33464,-1.6544,-2.7032,-1.2976,0.026356,-1.4221,-0.20583,-0.69058,-1.2896,-1.5055,-0.73112,-0.23696,-0.55942,-0.47995,-0.31298,-0.10238,0.39018,0.18498,-0.76318,-1.3403,-0.67534,-1.3276,-1.0275,-0.24277,-0.19664,-0.63338,0.0066976,-0.16269,-0.048012,-0.48739,-1.7674,-1.5016,-1.1513,-0.78255,-0.25743,-0.67601,0.36744,0.71962,0.97032,0.44263,0.66701,1.3436,1.3793,1.4136,0.9725,0.73271,1.1225,1.5066,0.53598
1.0986,1.3112,0.58523,0.27097,0.44022,-0.44625,-0.44507,-0.98459,-0.7671,-1.1253,-1.0863,-0.53147,0.096419,0.52073,1.8071,1.2578,0.22338,0.37772,0.5008,-0.52694,-0.087197,0.16442,0.52411,0.52963,-0.28903,-0.66081,-1.7778,-1.2592,-1.2502,-1.4569,-0.29453,0.25781,0.34088,0.74798,-0.35684,-1.0615,-0.46261,-1.4409,-1.1027,-0.79216,-0.31511,0.69341,0.3811,-0.29685,0.37279,0.21936,0.54793,-0.49399,0.55299,-0.12429,-1.3805,-2.555,-1.418,-0.85771,0.52624,0.154,0.29954,1.5976,1.1947,0.63004,0.51909,0.2259,-1.3828,-0.15496,-0.56522,-0.4463,-0.26023,-0.82451,-0.51042,-0.80723,-0.83402,-0.56179,0.093611,0.43232,0.087948,0.05244,-0.29483,-1.1698,-0.69827,0.16379,0.5995,0.10046,0.90373,0.53389,0.87198,1.8141,0.94162,0.66628,-0.055675,-1.5616,-1.5361,-2.8923,-2.7179,-2.7977,-1.6067,-0.22974,0.24012,-0.19578,-0.56523,-0.35352,-0.72301,-0.057765,0.31333,1.5633,0.30687,0.63645,0.53779,0.40284,1.2528,2.4099,2.1512,1.0798,-0.074406,-0.69741,0.21411,-0.13855,-0.40579,0.12154,0.96963,1.5977
-1.5032,-1.4532,-1.1241,-2.2381,-1.0723,-0.37541,2.0282,0.51704,0.58386,-1.7378,-1.3015,-0.52997,-0.90677,-0.59112,0.1529,-0.49259,0.3863,0.41478,0.37628,-0.58162,-0.26031,-0.42762,0.74456,0.57936,0.93429,1.3439,0.7109,0.42744,1.1524,0.70407,-0.081313,0.027603,-0.74075,0.089583,-0.2365,0.77286,0.70305,1.7672,0.31068,0.15991,-0.62293,-0.72417,-0.25567,-0.88234,-0.854,-0.030356,0.46615,0.58478,1.0892,0.32313,0.40518,0.76046,0.9546,1.5071,1.4751,-0.17755,-0.44439,-1.1017,-1.5507,-2.1543,-1.4814,-0.66213,0.37221,0.63744,0.51782,1.7271,1.4937,0.015209,0.73006,0.14348,-0.030843,-0.93385,-0.4456,-0.50617,-0.85191,-0.93903,-1.2492,-0.94919,-0.56026,-0.40455,-1.0629,-1.5809,-2.0957,-0.77922,1.6738,1.3346,1.7975,0.9789,0.27421,0.48612,0.66298,0.40571,0.29758,0.57298,0.11563,0.18826,-0.95374,-0.025531,-0.020333,-0.40638,-0.83003,1.8978,2.319,2.2326,1.5385,0.97002,0.68475,0.53766,-1.0125,-0.53098,-0.29377,0.7826,1.0705,0.25372,1.2359,0.98372,0.97321,1.1009,0.13762,-0.34537
-0.44272,0.27076,-0.63009,-1.3254,-1.28,-0.61549,-1.879,-1.378,-0.44852,1.0306,1.8915,0.28481,0.43694,1.89,0.047852,-0.065521,0.37094,-0.18829,-0.19165,0.83923,1.7909,1.3,1.8932,0.50373,0.48024,-0.021366,0.19714,0.18309,-0.71736,-0.82329,-0.84851,0.19466,0.52554,-0.15518,-0.99248,-0.46159,0.75482,-0.2443,-1.2063,-0.95176,-0.99136,-1.0958,-1.1994,-0.74155,-0.41985,0.34275,1.0309,1.9209,0.9059,1.9006,0.58622,0.57735,2.3784,1.6375,2.0682,1.3916,0.981,0.75274,-0.16558,0.50791,0.65335,0.15449,-1.6037,-1.3322,-2.1142,-2.7822,-3.6199,-3.5109,-2.5938,-1.601,-2.2064,-1.4937,-1.8695,-2.1526,-2.7315,-1.0306,-1.0012,-1.1651,-1.8952,-1.5451,-0.082917,0.79191,-1.1673,0.80477,0.049368,-0.4842,-0.079445,1.1808,1.0385,-0.42318,-1.0081,-0.89936,-1.1068,-1.5828,-1.4432,-1.8002,-1.5398,-0.098882,-0.31261,-1.1186,-1.3613,-0.031276,-0.23032,-0.2273,1.078,0.81216,1.2423,1.2139,0.60805,-0.23871,0.40467,1.7426,1.126,-0.28122,-0.21428,0.23832,0.85426,1.0432,1.1836,0.73857
0.062399,-0.38829,-0.18624,0.46325,0.84029,0.27278,0.071164,-0.36983,-0.53988,-0.11392,-0.98028,-0.53605,0.20224,0.40845,0.14557,0.12629,0.47532,-0.56247,-0.35326,-0.81951,-0.063068,-0.41921,-0.065393,-1.198,-1.0675,-2.3331,-0.76983,1.2951,2.0174,0.054171,-0.55107,-0.81035,-0.46175,-1.5792,-0.28454,-0.72414,-1.4171,-0.59886,-1.2346,-1.1429,-1.2076,-0.065424,-0.064768,-0.41237,0.90551,0.35983,0.91112,1.6698,0.78936,0.41859,0.11659,1.3249,0.34376,0.79472,0.46917,0.78427,1.9164,1.9654,1.8019,1.5213,2.4108,3.1737,0.32338,0.44803,1.4594,0.76043,0.49432,-0.9927,-1.7231,-1.5526,-1.6722,-0.66252,-0.12152,-0.90665,-1.1427,-1.0463,0.43477,-1.0197,-0.98779,-1.4879,-0.38745,-0.4005,-0.98893,-0.75728,-0.75081,0.83485,0.66934,0.62524,-0.11828,0.80371,1.1469,1.3051,1.7261,1.5795,0.76441,0.92515,-0.58181,-0.50461,-2.3821,-0.87134,-1.1323,-0.82175,-0.74487,-1.2915,-1.4566,-0.53956,-0.38186,0.70686,0.47144,1.1138,1.6292,1.5408,2.4442,2.7273,3.1406,2.6226,2.9802,2.6738,2.0859,1.3396
-0.068588,-1.052,-1.0268,-0.59483,-0.43352,-0.82524,-1.0514,-2.0454,-1.9312,-2.334,-1.478,-0.51196,0.69938,1.0208,0.66084,0.10882,0.51856,-0.39998,-0.12199,-0.26779,0.54795,1.1355,0.60077,1.5353,1.6392,0.55604,1.0208,-0.81586,0.33015,-0.35027,-0.16293,1.5096,0.5122,-1.2074,-0.91345,-0.80339,-0.33893,1.0582,0.2778,-0.19459,-1.4519,-0.66276,-0.28282,-0.53004,-0.54117,-0.19175,0.021842,-0.57567,-0.87325,-1.0624,-0.42636,0.13314,1.3494,0.93309,0.75279,0.29903,0.49484,-0.34975,-1.704,-2.7985,-2.3128,-2.9033,-2.0007,-0.6636,-0.43855,-0.62084,-0.52444,-1.5054,0.52967,2.1169,2.4873,1.0693,0.5874,-0.59937,-0.11616,0.019263,1.0764,-0.043279,0.56376,0.59359,0.47973,0.13591,0.35854,0.19022,1.3886,1.7431,2.8269,1.756,0.27524,-0.84632,-0.51823,-0.15655,-0.81119,-0.39317,1.0483,0.178,1.2195,0.42067,-0.33022,0.27133,-0.67698,-0.4914,-0.17433,0.72715,-0.51408,-1.0231,-0.66514,0.45846,-0.68861,-0.53248,-0.68768,0.23063,-0.75324,0.78088,1.2706,0.37832,0.76327,1.5,1.4197,1.0255
0.016504,-1.073,-1.1267,-0.81453,0.52891,1.1648,2.1513,1.708,1.127,0.0018828,0.26696,-0.6081,-0.33267,-0.10381,-0.5292,0.21313,-0.72532,-0.30646,0.026332,-0.3386,-0.073151,-0.52295,-0.26886,-0.19424,0.012634,0.6536,-0.15151,0.67492,0.063611,0.66251,0.81403,1.042,-0.093353,-0.98842,0.60673,-0.74662,-0.57224,-1.4467,-1.7489,-1.2954,-0.75248,-1.1845,-0.64602,-0.55218,-0.98816,-0.96041,-1.8354,-2.4314,-1.2734,-0.52101,0.54001,1.0729,2.2996,1.9296,2.62,-0.30746,-0.87436,0.26722,-0.0028138,-0.70067,-0.34585,-1.5835,-0.70891,-0.85185,-1.8191,-1.0995,0.7067,-0.72172,0.021974,0.56973,0.76335,1.63,1.2365,1.8742,2.8147,1.9705,2.2737,1.1489,0.62567,0.39049,1.2905,1.7574,3.2383,2.4759,2.4968,2.1784,0.95588,1.3165,0.49826,-0.1815,-0.65283,-0.18337,0.49713,0.92544,0.19859,0.42818,0.095825,-0.50071,-0.99989,0.78972,0.53435,0.47188,0.71746,0.44408,-0.26486,0.37373,0.26078,0.62464,-0.026175,-0.080325,-0.084925,0.064169,0.95557,-0.38736,-0.11595,-0.98421,-0.65049,0.24796,0.60478,0.24716
-0.50708,-1.5383,-1.4442,0.18087,1.3101,1.6657,1.2454,1.0395,0.53119,-0.41706,-0.47807,-0.9353,-0.52463,0.24685,1.1613,0.45929,1.1642,-0.10597,-0.65047,-0.93001,-1.4447,-0.9243,-0.93047,-0.73802,0.40199,1.3975,-0.079392,-0.18816,0.79402,0.45195,0.59887,-0.67509,-1.7111,-0.93603,-0.88241,-0.59896,0.48926,0.95594,2.0582,2.5186,1.1586,0.77394,0.26047,0.28508,-0.70433,-1.4078,-1.3456,-0.80325,0.30927,0.42994,0.43912,1.2894,1.5789,0.59597,0.85213,1.0355,-0.51482,0.099238,0.94199,0.090306,-0.1943,-0.54075,-0.90523,-2.6391,-1.8021,0.095803,-0.52725,-0.017401,1.1836,1.1871,-0.057993,-0.14029,-0.90371,-1.3396,-0.19419,0.09754,-0.33412,0.92698,1.1649,0.57373,0.23368,-1.1003,0.60831,1.3175,0.34954,0.3094,0.25816,0.1962,-0.41797,-0.74441,-1.7083,-2.3202,-1.8158,-1.2838,-1.0786,-0.79562,0.19271,-0.12661,0.021623,-0.058745,-0.045829,0.071357,0.24326,-0.20293,1.2875,1.2475,1.7945,0.66748,0.36549,-0.35911,1.3276,0.88999,0.93227,-0.10359,-0.12129,0.85012,0.90266,0.22127,1.5399,0.85413
1.8193,0.90615,1.9304,1.803,2.0561,2.2697,1.5358,1.1182,0.32479,-1.5832,-2.1029,-1.9687,-1.7207,-1.8888,-0.12025,1.0715,0.57906,-0.45094,-0.94909,-0.17122,-1.0985,-1.6527,-0.97117,-0.30132,-0.94281,-0.38849,0.21148,0.081125,0.5001,-0.02392,-0.94816,-0.44011,-1.2522,-1.4583,-0.49636,0.54925,1.1531,0.58566,1.1156,1.1198,-0.10374,0.72872,0.5129,0.28425,-0.43904,-0.41747,0.84094,1.862,1.3094,0.95595,0.30368,-0.43,0.30348,1.7488,0.51835,-1.8879,-1.1847,-1.2166,-0.26207,0.33083,0.73895,1.1073,0.079458,0.63078,0.99488,1.0272,0.22509,-0.022551,-0.88508,-0.81835,0.63995,0.60311,-0.12105,-0.55738,-0.35732,0.33373,-0.38246,-0.78509,-0.48682,-0.80309,-0.2618,0.2555,0.29926,0.78935,1.7177,0.91272,-0.26673,-0.054415,1.5903,2.4659,1.9394,2.2342,1.9631,1.2695,1.8687,1.9358,1.3747,1.6437,-0.26658,0.10274,1.2321,1.0892,-0.16333,0.93992,1.2389,1.5618,1.397,2.014,1.2411,0.53968,1.3309,1.2406,0.78079,-0.28536,0.20046,0.34851,0.75855,0.23718,-1.2884,-1.0429
-1.583,1.2932,0.41582,1.1386,-0.64297,-0.62951,-0.80125,0.3025,0.8984,0.20676,-0.10128,-0.31788,-1.1857,-0.76224,-0.025552,0.68163,1.3121,1.0345,1.4235,-0.60534,-0.29013,-0.045585,-0.42159,0.03849,1.1127,3.1626,2.1877,1.4583,1.6055,0.82967,-0.42813,-0.45272,-1.3753,-1.5532,-1.6172,-0.80695,0.02417,0.83378,0.090021,-0.21959,0.46536,0.26389,1.2128,1.8071,1.0003,0.47663,1.6569,0.51043,0.9668,0.39409,1.0013,0.12074,1.1494,1.553,-0.0049245,-0.82189,-0.19917,0.2438,1.0077,0.99941,-0.24875,-1.2181,-0.89754,0.50348,1.0969,-0.019011,1.4099,0.44843,0.049892,0.42904,0.64376,0.36102,0.22174,-1.0198,-0.046827,-0.11218,1.7304,0.88458,0.96839,0.10242,-0.89706,-0.28959,0.38402,0.56516,2.0919,1.5756,1.1687,1.2007,-0.5482,0.34299,1.1864,-0.085217,-0.091792,-0.96855,-0.24267,0.81242,0.71618,0.75706,-0.044364,0.030976,-0.17895,-0.59371,-0.10114,-0.33665,-0.76521,-0.60556,-0.73182,-0.23429,0.71424,-0.043597,0.017949,-0.40534,-0.17092,0.32923,0.39199,0.20904,0.66992,0.95738,1.0375,0.09791
-0.77037,-0.33176,0.39484,0.64857,0.92284,0.75974,0.49354,0.41867,1.0322,0.88897,-0.099806,0.14762,-0.20546,-1.1765,0.15182,-0.008446,-0.86206,-1.632,-0.49691,0.69011,0.023788,1.3909,-0.22989,0.0077912,-0.41835,-0.97205,-0.84356,-1.1787,-1.7255,-2.2105,-1.2718,-1.7157,-0.61388,0.28961,-0.046179,0.27474,0.89509,0.42498,0.57299,0.46539,-0.42882,-1.9554,-1.8223,-0.36558,-0.064591,0.27835,-0.22993,-0.15321,-0.88351,-0.19874,0.38082,0.74001,0.64557,0.73279,1.3855,1.7695,0.88007,0.70498,0.23811,0.82466,0.15411,0.24175,-0.22086,-0.84228,-0.8561,-1.224,-1.2261,-1.7823,-0.41636,1.1308,1.6659,1.5432,1.4848,2.5364,0.84872,0.77684,-0.29609,0.17158,0.31435,-1.1927,-1.3709,-1.474,0.093085,-0.20765,-0.71567,-1.1081,-1.8075,-1.8751,-1.2093,-2.3233,-1.0706,-1.6564,-0.20077,-1.6287,-0.87468,-0.14825,-0.60517,-1.0867,-0.7144,0.88364,0.22528,-0.21505,-0.37259,0.69031,0.0038409,1.0677,0.81775,-0.19424,-1.1159,-0.93972,-1.3657,-0.21981,-0.23194,-1.1214,-0.79198,0.26529,-0.011296,-1.5106,-0.76978,-0.55601
-0.38307,0.29525,0.6962,0.86382,1.7405,0.69883,0.57244,1.2994,0.27405,-0.025178,-0.66133,-1.068,-1.7583,-0.22303,-1.2993,-1.2825,-1.1251,-2.499,-1.9593,-1.4289,-1.3974,-2.4617,-1.6951,-0.70546,-1.1553,-0.87432,-0.29251,0.15801,0.84022,1.435,0.71781,0.1121,1.4523,1.4525,0.94799,-0.18994,0.27679,0.10441,0.46356,2.3226,0.94026,0.79309,0.26276,0.84247,0.15701,0.79455,1.2891,1.1286,1.6019,0.72513,-0.19516,-1.2241,-0.12018,0.18461,-1.0698,-1.9322,-1.7727,-2.0318,-2.6645,-2.2538,-2.0553,-1.1033,-0.98798,-1.3738,0.20796,-0.39491,-1.287,-0.098565,-0.26992,-1.8318,-1.9627,-1.3687,0.05121,-0.022583,-0.070804,0.1514,-0.40864,-0.57093,-0.98119,0.39295,-0.3895,-1.2765,-0.2438,0.11813,-1.3966,-0.18337,0.10315,0.52385,1.6957,2.9557,2.3677,1.8619,1.1485,0.87498,0.15345,1.1334,0.03776,0.25378,0.65587,0.33753,-0.73053,-1.9265,-2.255,-3.309,-2.9068,-3.5556,-2.5473,-1.8604,-0.94659,0.11984,-0.41786,-1.5118,-1.2646,0.038976,-0.34488,0.63998,0.37434,0.66136,0.032812,1.4444
0.013045,-0.33937,-1.1281,-1.1108,-0.41675,-0.21215,-0.49345,-0.29073,0.39737,0.65585,0.96495,0.69961,1.2043,0.9631,0.41667,0.2029,1.7015,1.8459,1.845,1.666,2.4187,1.6132,1.842,0.59606,0.77316,0.73554,0.16234,0.1378,-0.27658,-0.66264,1.0395,0.89028,0.60531,0.63496,1.0485,0.91621,-0.043266,-0.11428,-0.89342,-0.021727,0.69974,2.3032,1.0422,1.3595,0.36835,-0.21178,0.02515,-0.30571,-0.53513,-1.0713,-2.2082,-1.6288,-1.8958,-1.6819,-1.3989,-0.37581,-0.85044,-1.814,-0.57281,0.053221,0.50104,-0.45894,-1.3417,-1.5175,-0.77619,-0.0053441,0.26459,0.64725,-0.29487,0.15187,0.44717,0.17319,0.46039,0.75819,-0.6548,0.1924,0.12508,0.029656,0.1461,0.027645,-0.10784,0.073312,0.2635,-0.99609,-1.5948,-0.32458,0.21601,-0.67653,0.84142,-0.13343,-0.64694,-0.61568,-1.137,-1.4917,1.255,2.4508,2.5326,2.4171,1.7681,1.5312,2.4196,1.2855,0.077945,0.44027,1.7446,1.0785,0.76019,0.3746,-0.56119,0.84983,-0.50458,-0.17916,-0.86859,-0.70288,-1.2447,-0.15242,-1.1236,-0.63601,-0.82038,-0.15524
-0.14207,-1.7248,-1.1149,-1.2673,-1.0774,-0.60209,-0.93209,-1.4412,-1.096,-1.1329,-0.15578,-0.87965,-0.078672,-0.30819,0.79551,-0.55199,-0.95305,0.22774,0.38362,1.3069,0.052005,-0.70068,-1.8441,-1.971,-1.1342,-0.89411,0.43056,0.39129,0.62281,0.27757,-0.75643,0.5788,0.45519,0.69542,0.98876,1.2848,0.32851,0.57115,1.6638,1.4965,0.55335,0.4442,0.71196,0.83613,1.3132,1.4604,2.1666,2.8543,2.2884,1.59,0.080877,-1.1199,-1.0167,-0.58454,-0.24051,0.30672,0.76519,-0.26763,-0.43696,-0.88304,0.56911,0.03811,-0.23225,0.31429,0.97144,0.26476,-0.1141,0.5271,1.1219,0.0011342,-0.031835,0.24899,0.37902,2.3953,2.893,1.5094,2.0486,1.8788,1.0209,1.3123,0.96549,-0.64916,-0.65753,0.8958,0.70879,1.2118,1.3137,-0.24867,-0.55908,-1.0625,-1.1145,-1.0592,0.15752,-0.69582,0.52785,-0.56622,-0.12588,-1.1491,-0.3398,-0.078361,-1.4869,-1.381,-1.2222,-1.2566,-0.28822,-0.12285,-0.49072,-0.4321,-0.88304,-0.064976,0.31455,0.67185,0.95409,0.85601,0.66867,1.007,-0.41113,0.42529,0.49637,-0.61728
0.94302,-0.27458,-0.29492,-0.16182,0.59147,0.52783,0.31148,1.1421,1.773,1.2501,0.88597,0.60777,1.4469,1.4641,1.0649,0.42239,0.47685,0.25275,-1.1422,1.4358,0.72086,0.10618,0.30325,-0.50932,-1.2299,-0.78695,-0.32539,-0.4736,-0.86434,-0.57209,-1.1728,-0.6804,-1.2061,-1.7891,-0.61321,0.13852,0.20786,0.29939,0.53934,0.069261,0.26977,-0.10197,-0.23553,-0.0538,0.47654,0.14219,0.28009,0.1196,-0.20113,1.2369,1.4855,1.2799,1.2365,1.689,1.035,0.39473,1.4954,1.3683,0.8649,0.23985,-0.35967,0.27683,1.5918,1.4184,-0.40634,0.15641,-0.42971,0.6761,0.83292,-0.087243,-0.40124,0.2778,0.58663,0.56979,0.56661,1.5099,1.0896,0.26998,0.6334,1.0836,0.7984,-1.0265,-1.0474,-1.6083,-2.2242,-1.1725,-1.562,-0.68913,-0.54706,-0.71208,-0.6718,-0.93167,0.32219,0.19382,0.16587,-1.0689,-1.8936,-2.3844,-1.4126,-0.083873,-0.057716,0.28499,0.64532,0.94134,0.68479,0.36681,1.185,0.16318,-0.058505,-0.43595,-0.19332,-1.2081,0.34015,-0.47246,0.19255,-0.35058,-0.032112,-0.63377,1.3701,-0.47853
0.94091,1.4077,0.090686,-0.20507,-0.67597,-0.75988,1.2096,0.62985,1.7614,1.3298,2.127,1.4307,1.6606,1.3773,1.5863,1.3618,1.3795,0.68197,-0.35036,0.71165,0.87739,-0.68871,-1.0678,-1.0215,-0.99076,-0.5194,0.024778,-0.77092,0.69141,1.3298,1.4437,0.65057,0.28874,-1.5692,-1.5241,-0.62122,0.56867,-0.44253,-0.17977,-0.082048,1.3099,1.1097,1.2542,0.61243,0.032007,-0.72724,-0.26277,0.16932,-0.73606,-1.1871,-0.2218,-0.010547,-0.8929,0.57444,0.57536,1.0727,0.5498,0.25619,-0.0040996,-0.2003,-1.0736,-0.73522,-0.4423,-0.071151,0.34849,1.3854,0.32945,1.629,0.15216,0.28236,-0.33229,0.0081845,-1.0572,-0.53903,-0.2919,-0.58776,-0.34955,0.084177,-0.97459,-0.98856,-1.2,-0.77224,-0.80549,-0.40235,0.33024,-0.83341,-0.56588,0.72467,-0.36982,-0.75314,0.38597,-0.62259,-0.66507,-0.83745,-0.71514,-0.896,-0.036508,1.6141,0.9118,1.6617,-0.43071,-0.8723,-1.2995,-0.8123,-0.14696,-0.53737,-0.62906,-0.25232,-0.12358,-0.75751,-2.2238,-1.3131,-1.8955,-2.233,-2.3034,-1.6297,-1.1459,-1.7109,-1.0725,-0.62097
-1.844,-0.0656,-0.49204,-0.38661,-0.4675,0.71152,0.81208,0.69139,0.67807,0.51089,-0.3015,-0.71229,-0.43024,0.048515,0.91864,1.0153,0.75834,1.2327,0.12852,0.37492,0.54811,-0.050095,-0.51403,0.023238,-1.0179,-0.49542,-0.017758,-1.0456,-0.92478,0.72097,0.35833,-0.93189,0.23789,0.011944,0.5962,0.33559,-0.86463,0.68859,-0.50109,-0.49222,0.86884,-0.26155,-0.70837,-0.21638,-0.30006,0.30335,-0.40166,-1.4054,-1.4355,-0.6894,0.12888,-1.1112,0.11506,0.96942,1.0204,0.65031,-1.1902,-0.47064,-0.30522,-0.53465,0.57761,1.9391,1.5094,1.9322,0.85004,1.3656,1.0501,0.46688,-0.69335,-0.39835,-0.84911,-1.5187,-0.64667,-0.44878,-0.47896,-0.32036,-0.7164,-1.5209,-1.8943,-0.13434,-1.0852,-0.9444,-1.9069,-1.4777,-1.6062,-0.61852,-0.026964,-0.74893,1.4819,1.0709,0.92181,0.031636,0.23564,0.5915,1.1529,0.4181,1.9911,1.6828,0.63602,-1.2115,-1.3036,0.41153,0.65708,1.257,0.66637,1.2271,1.2726,2.4222,2.6602,2.041,3.2535,1.9157,1.5169,0.60471,0.19611,-0.30495,0.073842,0.96097,0.2386,1.8696
0.40929,1.3903,1.9476,2.0648,0.81249,0.15548,0.21063,0.0656,0.91444,0.62219,0.8023,-0.30439,0.49168,1.0432,0.021094,-0.85028,-0.019174,0.40643,0.059052,0.18806,-0.23665,-2.1787,-1.6251,-1.1108,0.23286,-0.60764,-0.84928,-0.78276,-1.0488,-0.2016,-0.1474,-0.29731,-0.28828,-0.014613,-0.011829,0.66126,1.4087,1.1795,-0.10651,0.73624,-0.10966,-0.43417,-1.0323,-0.55956,-0.55122,-1.1279,-0.029523,-0.88969,-0.62987,-1.0819,-0.8411,-1.4048,-1.0992,0.29723,0.64599,0.95839,2.1195,1.882,1.9439,2.0685,1.607,0.036954,0.15464,-0.46619,-0.35889,-0.59958,1.0083,0.86916,0.45795,-0.43373,-0.14812,-0.58743,-0.42962,0.71973,0.42333,-0.4985,0.36128,-0.10013,0.15515,0.85665,0.63377,0.25321,0.24296,0.12378,-1.2846,-0.81275,-0.75868,0.31792,-0.32274,0.84673,0.68642,0.41656,-0.056899,0.52665,0.44913,-0.46536,-0.5094,0.30951,1.2576,1.1556,-0.17602,-0.0022541,-0.5834,0.052827,0.33986,0.6555,0.55081,1.4708,1.8349,1.6791,1.6255,1.489,2.7309,0.63968,1.1994,-0.60905,-0.81271,-0.8217,-0.42254,0.30924
-0.19639,0.82254,1.4665,0.35152,0.10996,1.4861,1.842,1.7118,2.1238,1.9509,1.2179,0.67407,0.88989,1.747,0.65297,0.75274,1.6879,1.1058,0.79447,1.8575,1.4356,0.44619,-0.25064,0.12098,-0.9539,-0.90272,0.15659,-0.84908,-1.3134,-1.2106,-1.1192,-0.75318,-1.3403,-0.37723,-0.35406,-0.34898,-0.99835,-0.68145,-0.98437,0.37243,0.60787,0.40912,0.26971,0.39123,0.7271,0.41658,1.2458,-0.10329,-0.026246,0.73427,0.42143,-0.73176,-1.1025,-0.17963,-0.19556,0.90366,0.99962,-0.29017,0.47178,-0.16003,1.3972,0.68162,0.075296,1.9569,-0.46057,-0.37467,0.073616,0.23267,1.2423,0.61146,0.83479,2.2266,2.1383,2.4317,1.7933,1.7234,1.019,0.60105,-0.5141,0.62614,0.30532,0.39294,0.20482,0.35625,-0.81946,-1.3782,-1.2612,-1.1103,-0.64882,-1.8329,-2.0613,-0.54137,0.33592,0.14906,-1.0896,-0.54793,-0.93188,0.43908,-0.68928,-0.73622,-0.17029,-0.7153,-1.0661,-0.31139,-0.85301,-0.62396,-0.7948,-0.46322,0.54768,-0.039824,0.16497,0.69503,1.0213,1.139,0.095014,-0.10248,-0.17324,-0.97612,0.5055,-0.31529
-1.3897,-0.26848,-0.66605,-1.4355,-0.48606,0.6894,0.060881,-0.26565,0.61123,0.2268,0.50876,0.56968,0.72404,0.4604,0.59362,0.21926,0.43573,0.96274,-0.093751,0.4618,0.64561,-0.044047,0.62372,0.70333,0.08196,0.22277,-0.6563,0.71639,-1.1271,-1.3821,-1.1977,-1.4729,-1.5582,-0.75845,-0.41584,0.27987,-0.10839,-0.27256,0.10798,1.2464,1.1285,0.66177,-0.78099,-0.67442,-0.31593,-1.2953,-0.10964,0.13175,0.21952,0.40603,0.9953,1.0182,1.8012,1.2361,1.1428,1.08,0.40653,0.38329,1.0789,0.25393,0.072503,1.68,1.0291,2.0002,1.491,2.1973,2.6341,2.2191,1.9237,0.54123,0.28141,-1.1705,-1.1545,-1.0503,-0.64979,0.76269,1.5185,1.2763,0.81398,0.29576,0.44711,1.4446,0.05529,0.159,0.77482,1.8419,2.4509,-0.035549,-0.66483,-0.59169,0.040329,-0.46557,-0.85718,0.44498,0.2735,0.97871,0.17652,-1.0038,-1.1458,-0.54525,0.72524,0.18123,-0.079206,-0.46424,-0.037871,0.43146,0.69811,-0.51953,-1.7746,0.21971,0.62345,-0.55527,-0.92549,0.75779,-0.32847,1.2247,0.5942,0.79813,0.55791,0.68003
-1.6866,-2.3566,-1.3399,-0.90639,-0.31498,-1.4688,-1.5956,-0.94839,-0.20841,-0.597,0.36505,-0.63097,0.00019673,-1.5768,-1.5132,-0.90157,-0.89959,-0.96313,-0.26584,0.49261,-1.2649,-1.1883,-1.0266,-0.95088,-0.99689,-0.71355,-0.47258,-0.34881,-1.3911,-0.30129,-0.2533,0.85735,0.2891,-0.034858,0.33468,-0.34864,-0.8493,-0.73276,0.15378,-0.54001,0.84956,0.6107,0.41419,-0.24642,0.58527,-1.0898,-1.229,-1.0062,0.32617,2.121,0.68771,-0.8531,-0.95872,-0.42243,-0.038915,-1.0574,-0.040312,0.63509,1.0259,0.75498,1.3522,1.644,1.644,0.81477,0.056636,0.74805,0.81502,0.52383,-0.40671,0.2627,-0.84108,-0.17072,0.11005,0.74498,1.2993,1.4326,0.32105,0.57073,0.32811,-0.083446,-0.71661,-0.80769,-1.0888,-1.7008,-1.5714,-0.95654,-0.86434,-1.6349,-0.30012,0.33462,1.2349,1.2047,0.46012,0.60635,1.5431,1.6957,0.89971,0.45281,1.5019,1.5523,0.35695,-0.13295,0.81464,-0.25437,-0.8511,-0.46326,-0.05141,-0.53475,0.17233,0.41067,-0.64133,-1.1015,-1.66,-2.0395,-0.12274,-1.1519,-0.66633,-0.38158,-1.0414,-0.60103
-1.8421,-2.1064,-2.2594,-1.8236,-1.3251,-0.90237,0.25626,0.92911,0.55638,1.1676,0.73313,0.82337,1.1508,0.85185,1.2164,1.5156,0.90008,0.3544,1.3459,1.6051,0.8784,0.95578,-0.035254,0.98972,1.17,0.85734,0.42392,0.68455,0.070449,-0.61586,0.10425,0.70808,-0.30491,-1.0018,-0.50036,-0.18648,0.52534,1.641,0.8872,0.028299,0.010703,0.63888,0.82724,0.68472,0.40218,-1.1606,-1.422,-1.2648,-2.2056,-1.0923,-0.88577,-0.5416,-1.5305,-0.09759,0.65357,1.0696,1.6405,0.13798,-0.28723,-1.1566,-0.21376,0.18125,-0.62693,-0.55336,-0.74783,-0.97242,-0.91249,-0.37638,-0.46861,0.62887,-0.15606,-1.3047,-1.6997,-1.2199,-0.78086,0.65273,-0.14517,0.94379,1.0197,-0.82433,-1.0995,-0.33208,-0.45134,-1.3112,-0.33233,0.0043789,0.32145,-0.90643,-0.65694,0.035062,0.49424,0.095756,0.8398,-0.33934,-0.65265,-0.0076183,0.3805,-0.1427,-0.35853,-2.5968,-1.5752,-1.3852,-0.72196,-1.4468,-1.0233,-1.9641,-1.5352,-0.41442,0.67418,0.24558,0.74088,1.4854,0.43598,0.75451,0.93031,0.26281,0.6396,0.99658,0.87992,0.63065
-0.13898,0.38076,-1.4449,-1.6103,-1.649,-0.89285,-0.81288,-0.69864,-1.0205,-1.7687,-0.032349,0.31899,0.58617,0.50323,1.005,-0.11009,0.06879,0.037811,-1.4778,-1.0691,-0.13847,0.72146,0.2302,0.74262,-0.024631,0.88792,0.74688,0.58935,-0.0079609,0.31053,0.12146,0.23727,1.1284,0.77887,0.73717,0.82976,-0.59518,-1.5809,-0.76777,0.88056,0.9658,0.81924,0.1339,-0.72999,-1.402,-1.1563,-1.3001,0.9651,0.81724,-0.56414,-0.77348,-1.1706,0.64142,-0.79784,-0.80645,-0.97661,-3.133,-2.2616,-1.2713,-1.1043,-0.99124,-0.049093,-1.2495,-0.11091,0.28514,1.5963,1.0661,0.78554,-0.4601,0.14061,0.21975,-0.90993,-1.0492,-0.24231,0.2763,0.7899,-0.79002,-0.46745,-0.50279,-1.3078,-2.2276,-1.9118,-1.7822,-1.3589,-2.2843,-1.2241,-1.9537,-0.64363,1.1561,-0.068456,0.31398,0.44521,0.4288,-0.69485,-0.66805,-0.073551,-1.012,0.3326,0.37295,0.39954,0.32054,-0.62381,-0.51434,-0.052759,-1.3916,-1.9201,-1.2376,-0.88852,-0.19034,-1.2548,-0.42598,-0.38934,0.51157,0.88912,1.2402,-0.06744,0.14379,-0.50407,-0.9796,-0.23901
0.17365,-0.34947,-1.357,-0.75405,-1.3894,-0.32629,-1.0426,-0.36799,-0.10574,0.14933,0.067666,0.51972,0.20779,0.37142,-0.30965,0.42381,-0.087542,1.3543,1.4028,1.4004,1.1903,0.75527,1.3704,0.74252,0.29101,1.0072,2.2007,1.7362,1.238,0.91635,2.2482,1.6005,-0.41844,-0.65605,-0.10482,-0.16132,0.23124,0.76816,0.42621,0.45946,0.15249,-0.54945,-0.87356,-0.18043,0.38656,-0.22505,0.065464,-0.39699,-0.32674,0.21,-0.41972,1.1244,-0.36611,-0.41886,0.21232,1.1621,1.1632,1.9106,1.8633,1.6426,-0.13259,-0.88358,-1.215,0.43346,0.05561,1.074,0.71031,0.29171,-0.41341,-1.0411,-1.1582,-0.61967,-1.9273,-2.6055,-1.3873,-0.92043,-0.83803,-0.62685,-0.67839,-0.10033,0.8771,1.0538,0.45408,0.42692,0.23766,-0.20648,0.9615,0.10603,-0.93372,-0.96264,-0.98002,-1.246,-1.0366,-0.82283,0.92119,0.97043,0.50748,0.011297,-0.89906,-0.88943,-1.064,-1.9933,-1.3333,-1.4145,-2.1591,-1.4613,-0.44451,0.76493,0.40905,-0.39036,-0.44375,-1.1203,-1.4002,-1.7109,-0.60202,0.34782,1.2893,1.4299,0.44212,0.19447
1.8136,2.2034,1.5271,0.62854,0.1944,0.34727,-0.19824,0.14291,-0.16776,-0.81853,-0.84472,-0.55668,-0.42583,0.31397,-0.11625,-0.27174,0.34364,0.27124,-0.082969,-1.0387,-0.66368,-0.98398,-0.5871,-0.016823,-0.65714,-0.093575,-1.1433,-0.65315,-0.89541,-0.35798,0.39971,0.28485,-0.24325,0.38149,-0.42332,-0.73172,0.17246,-0.082496,-0.6944,0.65296,-0.53463,-0.54824,0.26458,1.0276,0.51956,0.7391,1.0721,1.2859,1.1823,1.2958,-0.292,-0.069538,-0.033383,0.7293,0.34124,-0.33448,0.40313,0.30934,0.42242,0.011084,-0.18417,0.30935,0.13056,-0.51258,-0.25992,-0.40958,0.01944,0.26628,-0.77793,0.28447,0.27437,1.4232,0.41733,1.5256,1.4634,1.4729,1.0152,0.23842,-0.65611,-0.30858,-0.44215,-0.54269,0.592,0.86672,0.56389,0.63381,0.71339,-0.39645,-0.8437,0.42775,-0.23348,-0.42498,-0.14516,-0.18868,-0.71904,-0.685,-0.012736,-0.73118,-1.7212,-1.1745,-1.7103,-1.142,-1.5672,-1.2802,-1.9561,-1.6928,-1.5259,-1.4372,-0.45074,0.00050605,0.9598,1.0715,-0.47447,-0.31658,0.0039409,-0.83072,-0.19771,0.073281,0.14671,0.45006
-0.33445,0.74576,-0.55308,-1.4745,-1.7309,-0.31779,0.19463,-0.69362,-0.70477,-0.42882,-0.72214,-0.77398,-0.71007,-1.1561,-1.7858,-0.771,-0.84594,-2.2568,-2.3174,-1.4979,-2.0627,-2.2617,-1.8781,0.36411,0.38982,1.122,0.96146,-0.27351,-0.057019,-0.17868,-0.34966,0.64556,0.045201,0.13289,0.58317,1.1409,1.3438,0.038697,0.42388,-0.48025,-0.94859,0.0040169,0.44168,0.38373,0.67375,1.6177,0.88578,0.099249,0.19541,0.62213,0.65296,0.53865,-0.60771,-0.7776,0.45996,-1.2932,-0.061471,0.55564,0.63866,0.26794,0.27799,-0.93414,0.39407,-0.25003,-1.4973,-0.85845,-0.89409,-0.012827,-0.41994,-0.6957,-1.0054,-0.74407,0.31935,0.096188,0.67893,0.094026,0.98992,0.29087,0.18311,-1.0104,-0.78775,-0.93486,-0.8064,-0.76921,-0.95458,-0.20476,-0.79863,-2.1863,-1.4734,-0.94657,0.40452,-0.73333,0.41301,0.15005,0.58395,-0.52282,0.21901,-0.11731,-0.15123,-0.62434,-0.35449,-0.48879,-1.5615,-0.76689,-0.13737,-0.44639,0.15479,0.53214,0.73149,-0.41062,-0.15707,-0.52424,0.35499,0.55104,0.38304,-0.55239,0.4702,-0.6281,-0.28696,0.067861
0.61323,0.038277,1.1845,-0.97297,0.55852,0.61886,0.14946,-0.31139,0.19186,1.1223,2.2144,0.2319,0.39113,1.3957,1.6769,1.6796,1.5092,2.0454,1.6987,2.0638,2.4263,2.2489,1.8259,0.89001,1.4956,0.84318,0.44576,-0.2322,-0.83262,0.2037,0.43387,0.33485,0.80656,-0.13417,0.4619,0.12402,-1.014,-0.9683,-0.447,-1.1006,-0.88978,-0.33417,-1.1343,-0.28011,-0.55877,-0.27592,-1.8319,-1.8708,-0.29427,0.69315,-0.40906,0.91992,0.023743,-0.65388,-1.1576,-0.45602,0.43689,0.14298,0.069805,0.096161,0.44414,-0.1692,-0.43054,-0.041785,-0.37294,-1.3501,-0.46557,-1.5512,-0.23589,-0.079963,-0.48935,-1.5258,-1.7693,-0.57705,-0.73751,0.44653,0.15206,0.43202,-0.14752,-1.1557,-0.25246,-0.45085,0.67516,-0.53672,-0.07129,1.1312,0.34743,-0.001214,-0.1439,0.75952,0.87115,0.18527,-0.47305,0.56495,0.21543,-0.20306,0.14979,0.32632,-0.17565,-0.26827,0.37746,-0.5661,-0.62518,-2.3523,-1.3789,0.20751,0.12096,-0.4754,0.21355,-0.32034,0.40453,0.53788,-0.8333,0.41183,-1.1218,-1.5981,-0.80057,-1.1083,0.60049,-0.031849
-0.0011907,-0.87607,-0.46139,0.27735,1.0086,1.6019,3.6995,2.8595,2.2479,0.86229,0.46278,0.88817,1.1201,1.5272,2.2099,1.9055,0.45985,-0.058559,-0.31771,-0.12433,-0.59075,0.4255,-0.030973,0.073833,-0.10508,-0.54461,0.67728,-0.33422,-0.2275,0.79853,1.276,0.26107,-0.34139,-0.18253,0.98938,0.91846,0.9229,-0.37019,-1.0598,0.33083,0.22953,0.32033,2.0282,1.4832,2.0024,2.2454,1.6228,1.3685,-0.2529,-0.21584,0.051634,0.65466,0.757,0.31658,0.22601,1.0182,0.53163,0.098678,-1.1624,-0.11272,1.0451,-0.31495,-0.25356,0.10662,0.15689,0.6117,0.34351,0.49954,0.23696,-0.37463,0.059288,0.11706,-0.52141,-0.75133,-0.19828,-0.42803,-0.15079,-1.1872,-1.6843,-0.20302,0.25842,2.3223,0.76688,-0.35119,-1.2917,-0.88274,0.1148,-0.13456,0.98625,-0.22755,-0.94078,-0.55704,0.49744,0.84572,2.1086,2.5819,2.2257,2.5526,1.4827,1.1186,-0.16206,0.2485,-0.33768,-0.29804,1.3271,1.3838,1.6284,1.7945,0.41068,1.3765,0.51392,0.21798,0.37323,-0.0048582,-0.3354,-0.97235,0.84935,2.1194,1.1425,1.1352
1.4083,0.66075,0.84073,1.9374,1.0999,0.22364,-1.0742,0.79155,0.21874,1.0272,1.2775,0.80726,0.77784,0.14462,-0.0091031,-0.83568,-0.33443,-1.2472,-0.099432,1.706,1.8364,0.74426,0.92281,-0.40204,-0.41814,-1.142,-0.59224,-0.31517,-2.19,-0.94677,-0.41357,0.27818,-0.047954,-0.92204,-1.2142,1.1401,0.98814,0.13484,0.75794,-0.10551,-0.30597,-0.35297,-0.83272,-0.99241,-0.73613,-1.0346,-0.6054,0.42636,-0.38659,-0.68625,-0.43846,-0.75807,0.2966,-0.059683,-1.0718,-0.66189,-0.83043,-1.5173,-1.7792,-2.0579,-2.3192,-1.4974,-0.69997,-0.11941,-0.19166,0.088564,0.92165,1.4534,0.40087,-0.38818,0.39923,-0.67294,-0.59998,0.067466,0.61455,-0.75176,-0.26838,-0.84278,-0.70816,-1.3016,-1.2365,-1.87,-2.2615,-1.4615,-0.4367,-1.2015,-1.5175,-0.98273,-0.94777,-1.5582,-1.6259,-2.1717,-2.1706,-2.8777,-1.8332,-1.4523,-0.24595,0.097334,-0.58574,0.18786,0.69951,1.2134,0.57303,0.76366,1.6637,2.1574,1.3823,1.1866,0.42172,0.67784,0.83695,0.39401,0.92657,-0.60495,0.37145,0.039342,0.54371,-0.75371,0.058672,1.1012
-0.36675,-1.1842,-0.43174,1.4461,0.41798,-1.6645,-1.072,-2.4772,-1.6011,0.98016,1.5214,0.87732,1.3379,0.55272,-0.13893,0.53268,1.1052,-0.074423,-0.4271,0.97372,0.35186,-0.7923,-1.9978,-2.771,-2.4077,-0.60948,-1.3354,-1.8329,-0.24961,1.5489,1.5811,1.6665,1.312,0.95889,0.14103,0.36219,-0.41409,-1.2794,-0.88114,0.12116,-0.069569,0.75588,-0.11986,0.44829,0.96536,1.673,1.6781,1.6408,1.9022,0.00088,0.77567,0.73425,1.7569,1.1095,-0.68023,-1.0294,-0.33721,0.42667,0.89092,1.3271,2.0021,1.8149,1.7901,1.3358,0.46426,0.95491,0.60688,0.073629,-0.23289,-0.41589,-0.31935,-0.42731,-0.43441,0.40559,0.52175,0.076175,-0.039952,0.25785,0.012491,-0.21322,-0.17007,-1.7945,-2.1348,-2.7319,-2.2818,-2.4857,-1.0541,-1.8164,-1.5801,-2.4015,-2.4416,-0.95217,-0.41561,0.47679,0.09126,0.30259,-0.58352,0.78263,2.0036,0.96451,1.0105,1.5947,0.48508,-0.52344,-1.5772,-1.1576,-1.7221,-1.5901,-1.6347,-1.7399,-1.2718,-0.47988,0.098224,0.15809,1.3972,-0.070041,0.6147,-1.0763,-0.65332,0.86842
-0.70849,1.1509,0.97048,-0.54427,0.6104,0.85134,-0.57926,-0.61786,-0.53034,-0.96341,-0.038199,1.0164,1.2029,0.90314,2.6355,1.8939,1.8193,1.0092,0.43504,0.9359,0.44955,1.2326,1.0294,-0.063233,-1.0049,0.19253,-0.16404,1.4747,1.4219,1.0185,1.1579,1.2068,0.002739,0.74891,0.3599,0.63853,0.17303,-0.37419,-0.43719,-0.48692,-0.084308,-0.072235,0.78472,-0.20319,-1.2661,-0.024917,-0.70949,-0.33685,-0.064735,-0.32663,-1.0246,-1.4516,0.22558,2.2317,2.21,0.73119,-0.01414,-1.6585,-0.69604,-1.5146,0.0064809,0.36507,-0.8709,-1.4883,-1.6963,-1.7882,-0.42697,0.78913,1.2293,0.29292,-0.27772,0.70505,0.25442,0.70589,0.72501,-0.27817,0.22764,-0.36996,0.0068124,0.696,1.5605,1.3735,0.4654,0.41639,1.0221,2.4658,2.1559,-0.86104,-0.56714,0.052503,-0.25282,0.10003,-0.60754,-1.0228,-1.0968,-1.5259,0.23044,-0.29034,-1.6367,-1.7145,0.070785,-0.55798,-0.95242,-0.58428,-0.62062,-1.272,0.030005,-0.21433,-0.21801,-0.0446,-0.85518,-1.6197,-0.8751,-1.6488,-0.66257,-0.77193,0.7734,0.32242,0.47625,1.4301
1.2725,-0.31479,-0.060506,-0.1613,-1.0646,-1.6514,-0.34268,0.24982,0.16127,-0.84024,-0.14852,0.59425,-0.051146,-0.94096,-2.1716,-0.42099,-0.27272,-1.7227,-0.87341,-1.8973,-1.5175,-0.85691,-0.13218,-0.15275,0.12998,-0.88159,-1.8433,-1.045,-1.5992,-1.2963,-1.9789,-0.94152,0.47501,1.102,-0.36728,-0.12803,0.47375,0.71978,0.311,-0.9462,-0.31357,-1.7356,-2.2448,-1.668,-2.9029,-1.539,-0.90563,-0.77412,-0.75689,-0.63811,0.11829,-0.040435,0.30929,1.2031,-0.71465,0.66151,1.3424,1.9809,1.6241,1.752,0.80027,0.96731,-0.54022,-0.26517,0.80952,0.88932,2.0371,1.8734,2.2482,1.5349,1.5545,2.6853,1.7559,1.2502,0.85494,1.0799,1.2633,1.6642,1.8459,1.8319,1.2213,0.38916,-0.62361,-0.77845,-0.28581,0.34698,0.18361,0.8419,-0.19327,0.51117,0.2962,-0.092788,-0.72412,0.99196,0.54335,0.78858,1.0337,0.68851,0.48788,0.34939,0.92916,0.94887,1.0381,1.7589,2.448,1.8051,0.9152,0.34344,-0.21964,-0.7485,-0.83198,-1.619,0.13776,0.025855,-0.78276,-1.4421,0.18772,-0.64476,-0.006018,-0.49673
0.51813,0.13255,0.98777,1.782,2.3046,3.0822,2.345,3.0536,2.8133,3.173,2.9161,1.7191,0.36562,-0.2282,0.15968,-0.13253,0.031874,-0.70698,-1.5959,-0.18977,0.45308,0.35889,0.25548,0.51564,-0.11592,0.65764,-0.030517,0.19201,-0.46377,-0.62321,-1.4949,-1.3216,-1.271,-1.3936,-0.54377,-1.3033,-0.80936,0.66223,-0.26439,-0.39892,0.78231,0.21161,0.26365,1.1798,1.3081,1.0172,0.45565,0.5765,0.39284,-0.34005,0.046603,-0.93329,0.38093,-0.66525,0.40677,0.17006,0.10243,0.53905,0.54429,1.4878,0.11618,-0.16586,0.30652,0.31643,-0.31297,-0.31933,-0.75224,-0.40799,-0.12869,0.14871,-0.37455,0.26491,0.57196,0.16745,-0.42908,-0.42905,-0.092653,-1.6186,-0.88077,-0.010221,0.4297,-0.12211,-0.34201,-0.53971,-0.91789,-1.4039,-0.19422,-0.03892,-0.40092,0.34767,-0.040164,-0.19044,0.75955,1.5545,-0.40883,-0.74647,-1.8036,-0.93984,-1.0104,-0.29825,0.57641,-0.82451,-1.2042,-0.057066,0.8186,0.039057,0.41124,0.31998,0.49492,0.55463,-0.02167,0.90772,0.12412,-0.1257,0.18297,1.4748,1.8055,0.040921,0.27372,0.30214
0.28143,-0.0068229,0.38205,0.11889,-0.57446,-0.25575,-0.012196,-1.0496,-0.0098032,-0.30794,-0.24139,0.92582,0.54564,1.3053,0.10337,-0.19707,0.67515,0.7403,0.31297,1.2343,0.11044,-0.68061,-0.52574,0.44048,-0.46112,-0.48446,-2.1713,-1.0242,-1.3034,-1.1711,-1.211,-1.379,-0.20015,0.30215,0.052662,-1.4352,-0.68105,-0.87476,-1.8152,-1.6473,-0.1887,-0.31932,1.0164,1.059,0.17306,0.88823,-0.83697,-1.8703,-0.53393,-0.79003,-0.70065,-0.20006,0.055478,-0.79523,-1.6212,-0.60911,0.3659,-0.89305,0.2508,-0.2284,-0.76362,-1.8486,-1.9044,-2.2153,-0.87631,-1.0574,-1.2981,-1.1765,-0.95257,-0.87466,1.0402,1.9986,2.1524,1.3533,1.1736,1.3195,0.78339,1.5811,0.34814,0.21805,1.0212,0.40952,-0.75092,-0.43315,-0.024146,0.21364,0.050323,0.46881,1.3244,1.1692,0.19126,0.95739,1.5208,0.73329,1.0632,1.0798,1.6172,1.3168,0.32531,1.3284,0.48374,0.53387,1.3632,1.9151,0.83047,1.0597,1.371,1.9505,1.4467,-0.6414,-0.9489,-0.42672,1.0865,1.0963,0.48773,1.1978,-0.060148,-0.60979,-1.9389,-1.4287
-0.93645,-0.88732,-1.594,-1.0032,-0.94439,-0.30346,0.028947,-0.96544,0.14914,-0.98286,0.33778,-0.79485,-0.36301,-0.88394,-0.19551,0.090367,-0.45466,-1.1105,0.51036,-0.2827,-0.73941,1.3012,0.42545,0.055468,0.60447,0.092371,-0.098382,0.48315,0.47525,-0.71635,-0.26939,1.2785,0.31283,-0.047912,0.048353,-0.029377,-0.28269,0.0028637,0.027177,-0.888,-1.2225,-1.9282,-1.1431,-1.2543,-0.44409,-0.4257,0.018806,-0.016243,0.7641,1.0683,-0.60511,-1.8234,-0.71652,-0.45437,-0.44679,0.36828,0.29611,0.88023,0.27707,0.073034,0.49906,0.24462,1.8493,1.4533,1.9278,0.23047,-0.82127,-0.79544,0.34127,0.47223,-1.1272,-0.058486,-0.3449,-0.29363,-1.1786,-1.1852,-1.0789,0.61745,0.46295,-0.26462,-1.1026,-0.74069,-1.3249,-0.082638,-0.65531,-0.042181,-0.34325,-0.791,-1.7537,-1.1167,-0.7557,-1.749,-2.4872,-2.5813,-1.861,-0.87397,0.023415,-1.2474,-1.349,0.025357,-0.99526,-0.81536,-1.1989,-0.77071,-0.61734,-0.40808,-0.43215,-0.4164,0.24313,0.32056,0.36889,0.23537,1.5366,0.077193,-0.25922,-0.060036,0.21814,1.1921,1.5209,2.2991
-0.398,-1.2148,-1.05,-0.056526,1.136,0.11067,0.35205,-0.3695,-0.14854,1.8555,1.148,2.0551,1.7703,1.3392,0.33204,-0.13484,-1.2289,-1.0729,-0.73191,0.84502,0.76876,0.029002,-0.099671,0.71998,0.060957,0.22238,1.4956,2.0468,2.1174,2.4561,2.176,0.21589,0.14119,1.0759,0.74577,0.43213,0.1548,-0.2922,-0.83203,-1.3544,-1.0925,-1.1382,0.2868,0.11449,-0.38916,-1.1167,-0.63541,-0.81979,-0.50329,-0.98643,-1.3516,-0.42345,-0.26983,0.11685,-0.89127,-1.5897,-0.0058908,0.46905,-0.009028,-0.71326,-0.59527,0.69746,1.4268,0.96057,0.29546,-0.066319,0.1633,0.27092,-0.3249,0.014215,0.21248,-0.74298,-0.13809,-1.3534,-0.14807,1.4312,0.95296,1.1897,1.2655,0.89517,-0.38722,0.14418,0.098772,0.42282,-0.8078,0.26437,0.73136,0.28188,0.85158,0.064506,-0.58841,-0.48179,0.11543,-1.183,-0.87501,-1.2258,-1.0789,-0.34008,-0.69147,-0.35613,0.65404,1.0679,2.0898,1.5504,1.9652,1.989,2.026,0.75829,0.46875,0.18555,0.97024,0.67122,0.32225,0.66519,-0.17474,0.47259,0.35605,-0.59528,0.12092,0.99708
-2.4277,-2.022,-1.2816,-0.5395,-0.40093,-0.87537,1.3667,0.20762,-0.027212,0.12628,-0.20313,0.74392,1.2757,0.57089,0.31035,0.08579,0.33052,0.055501,-0.89383,-0.85792,-0.79799,-0.6279,-0.53745,-0.1235,-0.69298,0.32326,0.044955,-0.18643,-0.63267,-0.10917,1.093,2.6035,1.982,0.58647,-0.44167,-0.6939,-0.48721,-0.83609,0.42902,0.0011442,-0.90698,0.18366,0.67326,0.0030489,0.96729,0.92187,2.0097,2.8207,2.4967,0.65796,2.1776,-0.060208,-0.24711,-0.34132,0.33917,-0.1285,0.11908,-0.17602,-0.1792,-1.0402,-0.26693,-1.3296,-1.3119,-0.53393,-0.67664,-0.55676,-0.60072,-0.66629,-0.54186,0.53988,1.0791,1.1178,0.81575,-0.65031,-0.22679,-0.80247,0.26119,0.1602,0.63087,-1.015,-0.44697,-1.0416,-2.3916,-1.3378,0.14119,-0.11066,-0.59827,-0.10684,0.55659,-0.82996,-1.1075,-1.6055,-1.681,-1.5465,-1.7007,-0.3806,0.39148,0.9717,1.4702,0.95928,0.38385,1.2778,1.2982,0.80116,0.63562,-0.36488,-0.65493,0.15988,-1.9118,0.22315,0.64881,-0.052826,-0.72883,-0.70633,0.22537,-0.57415,-0.85915,-0.86835,-0.86037,-0.3478
0.56955,0.41059,-0.52035,-1.1967,-0.53763,-0.14166,-0.50593,-0.62958,-1.0273,-1.1911,-0.71318,-1.9538,-1.8143,-0.54195,-0.24776,0.36667,0.0053924,0.80195,-0.26462,0.92936,1.5422,1.5401,1.3869,-0.23748,0.064571,-0.12164,-0.14365,0.52419,0.54025,1.9371,1.4005,0.23889,1.495,1.7182,0.54274,-0.031612,-0.53786,0.02693,0.81867,2.1253,0.96641,0.67953,0.21587,-0.41485,0.12474,1.0088,1.2035,-0.036966,-0.82091,-0.84257,-0.54431,-0.58986,-1.3102,-1.5834,-0.71075,1.0056,-0.20757,-0.48233,-0.57364,0.43348,1.3039,2.2676,1.2393,0.13145,-0.38183,-0.11442,0.032806,0.10209,0.53457,-0.26046,0.16257,0.32005,0.87232,1.7281,1.1248,0.91086,1.3201,0.042694,-0.49338,-2.0262,-2.2729,-0.98302,0.31336,-0.2863,1.7055,1.4574,1.4851,0.57033,1.1722,1.3074,1.0767,2.4282,1.7484,0.5609,0.40514,0.89139,1.3539,1.5919,1.0441,1.6603,1.7084,2.0845,1.836,2.1706,0.44464,-0.11137,-1.1454,0.62812,-0.18139,-1.0346,-2.0437,-1.0436,-0.13886,0.0093155,-1.3041,0.86112,1.0036,0.76845,0.063494,-0.85454
-1.0112,-1.4356,-2.0794,-1.295,-0.70715,1.3499,0.65209,-0.49522,-1.5979,-1.007,-1.6276,-0.9151,-0.037672,0.92002,0.77762,0.68649,2.1096,1.6677,0.35276,0.45791,0.94226,1.4909,1.0679,0.98853,0.25813,-0.32361,-0.55563,-1.0726,-2.3222,-1.6408,-0.89021,-0.77032,0.43115,1.8804,0.13205,0.8004,0.52334,0.63059,1.1418,-0.25705,0.93277,0.097026,-0.26888,-0.01987,0.8428,0.59814,-1.1622,-1.3979,-1.2442,-1.2552,0.7363,0.6567,-0.046152,0.62396,-0.25021,-0.088581,-0.37606,-0.58676,-0.16729,-0.13297,0.18952,-0.4699,0.77745,0.40707,1.2139,0.33623,-0.84145,0.048735,0.10483,0.44999,0.19998,0.28228,0.9298,1.9267,1.6065,0.46373,-0.18107,-0.072952,1.095,1.2218,0.76026,0.53578,0.56178,-0.62006,-0.72591,0.46044,1.4358,1.7335,0.37493,-0.0085248,-0.94264,-1.2509,-0.63097,-0.19339,-0.35691,-0.94932,-1.2159,-0.15961,0.52823,0.38846,-0.60475,0.36613,0.72122,1.2147,-0.10004,1.3417,1.1426,1.6456,0.90347,1.3842,0.82248,-0.21322,0.50862,2.1287,2.2747,2.4955,1.3946,0.63179,0.32317,0.11748
-1.239,1.0613,-0.88378,-1.2646,-0.87646,-1.1984,-0.3923,-0.97095,-1.2098,-1.0238,-0.72658,-0.28268,1.051,0.78237,0.53557,1.9748,1.3126,1.879,3.0547,2.1391,2.1545,2.3282,0.20595,1.6879,0.50564,-1.2086,-1.3652,-1.1384,-1.111,-1.1676,-1.4485,-0.43913,-1.5554,-1.0124,-1.2277,-1.4475,-0.18727,-0.72363,-0.29185,0.36506,-0.061509,-1.4182,-1.384,-2.2093,-0.92313,-0.39293,0.35339,-0.11893,1.3038,1.0679,1.2544,1.0454,1.0236,1.8261,1.2078,1.0724,0.52605,-0.49423,-0.27354,0.69647,0.35999,-0.45416,-0.12055,-0.23211,0.20232,0.29638,0.43767,0.60042,0.8699,0.86894,1.571,1.2074,0.91567,0.27521,-0.1479,-0.20604,-0.57893,-0.21643,-0.066342,-0.45199,-0.12528,-1.1368,-2.0966,-1.7096,-1.425,-1.2731,-0.60962,-1.9656,-0.48166,0.34216,0.46716,0.23814,0.77121,0.18512,-1.3711,-0.2925,0.65026,-1.3983,-0.44426,-0.38661,0.041684,-1.453,-0.9857,-0.66846,-0.49481,-0.80266,-1.0962,-1.9549,-0.35336,-0.040383,0.562,1.6387,1.1996,1.5012,0.65324,0.96314,1.1671,1.7881,-0.034092,-0.45386
0.28509,-0.12321,0.0034092,-0.28442,-0.0075627,-1.3318,-0.52138,0.24175,-0.11039,0.055916,-0.69172,-0.66271,-1.4656,-1.6146,-0.83762,0.093523,-0.42368,-0.97436,-0.92266,-0.80809,0.13323,-1.4069,0.34778,0.72106,-0.56224,0.1131,-0.19921,0.14171,-0.82502,-1.007,-1.2959,-1.5988,-0.43182,1.0154,0.061125,-1.8854,-0.86444,-0.47895,-0.045895,-0.91386,-0.71292,-0.95213,-1.3107,0.51874,0.76944,0.3942,0.1594,0.32584,1.3936,0.80096,0.65529,0.38551,0.27227,0.76896,-0.13746,0.82448,0.20478,-0.65354,-0.34211,-0.096874,-0.32792,-0.23432,0.078395,0.10034,-1.9563,-0.74925,-0.3161,-1.2715,-1.2073,-1.2072,-0.28203,-0.071638,0.31014,-0.48248,0.79628,1.45,1.293,1.0047,0.95586,-0.95684,-0.74688,-0.82132,0.29226,0.47101,1.2277,1.152,1.1605,-0.10247,0.34331,-0.090555,1.5492,1.1742,0.96934,0.95597,-0.72312,-1.3597,-1.5298,-0.71467,-0.64275,-0.22382,-0.22357,1.2364,0.63083,-0.28006,-0.56674,-0.67279,-1.0478,-1.2959,0.52505,0.23596,2.2823,1.6141,0.783,0.38283,1.2441,0.74018,0.93744,0.2791,0.43919,0.96514
1.4575,1.2633,0.64129,0.63283,0.6615,1.597,0.43111,0.3574,0.38131,1.757,1.6424,1.9766,2.3574,1.9706,2.0346,0.91019,1.302,0.76807,0.76857,1.7558,2.0422,2.6306,1.1887,1.8479,-0.0013543,-0.85663,-1.1125,-0.82109,-0.94175,-0.95807,0.81398,1.0654,-0.35763,-0.07382,-0.16527,-1.1117,-0.904,-0.38323,-0.2729,-0.47439,-1.0462,-0.76034,-1.5688,-1.8798,-1.6918,-1.1286,-1.5199,-0.38181,1.3541,0.49832,0.33414,0.45944,0.87144,1.3334,0.89165,0.75311,1.0028,0.84861,-0.22279,0.77993,-0.1179,-0.66902,-0.1661,-0.32558,-1.812,-0.26981,-1.091,-1.3549,-0.67523,-0.018279,-0.08387,0.59117,0.4899,0.040267,0.98119,1.3889,1.5333,2.438,2.119,0.60631,1.2729,0.71701,0.1676,0.5047,0.045648,0.34602,1.4671,2.1272,1.226,0.060881,0.60821,0.63879,0.789,-0.42007,0.38006,-0.086865,-0.67683,-1.2581,-1.2298,-0.2723,-0.072995,-0.33179,0.80367,1.245,0.64056,0.76996,1.3531,-0.051057,0.14754,0.6158,1.3617,1.6996,0.42038,1.7102,0.92292,2.2918,2.335,2.7209,1.5172,0.44578
0.14869,-0.016795,0.8008,-0.088625,0.22654,0.37263,1.3744,1.9994,1.8807,2.5674,1.6019,1.4929,0.56863,-1.6192,0.12113,-0.24181,0.65073,1.3292,0.36586,0.061692,-0.21102,-0.63813,0.62813,-0.61288,0.64272,0.36946,0.93642,0.62905,0.22229,0.46543,-0.0161,-0.85672,-0.21226,-0.093394,-1.3928,-0.86635,-1.3084,-0.66431,-0.39478,0.14323,0.64259,1.3793,2.3064,0.18441,-0.15851,-0.44887,0.87564,0.086788,-0.75783,-0.93502,0.5441,-0.65893,-1.401,-0.11441,1.1054,1.1258,1.2765,0.17762,-1.2476,0.14916,0.28074,0.97991,1.5739,0.53327,0.18856,0.54171,1.2192,1.3941,1.5814,2.066,1.0622,-0.25214,-0.41023,-0.42415,1.2597,1.3445,0.9562,0.81945,1.6316,1.2479,1.8083,1.9996,1.1362,0.34961,-0.4756,-1.0862,-0.65887,-0.26547,1.1115,0.7204,0.068399,-0.91658,-0.4999,-0.38229,-1.1945,-0.44397,-0.34066,-0.58989,-1.3607,-0.51704,0.42206,0.77254,-0.31183,-1.5518,-0.060555,-0.060418,-0.84028,-0.65497,0.24287,0.56488,0.1734,1.0553,1.5292,1.2659,1.0178,0.035032,-0.17772,0.057819,-0.44921,-0.92853
0.22075,1.8328,0.91536,-0.050382,-0.42958,-1.1158,-0.91006,1.2109,0.56879,1.4765,0.18091,0.72548,-0.26751,-1.0922,-0.29185,0.89687,-0.042677,0.095742,-0.963,-0.67159,0.27965,1.0289,0.19035,0.71063,1.5051,0.47482,0.4653,0.38944,1.1397,1.0644,0.42646,0.2723,0.40934,1.1616,2.7558,2.003,1.233,1.8068,1.0754,0.47023,0.19704,0.60012,-0.17326,-0.5561,-0.89996,-0.16758,1.3187,1.2111,0.98618,0.16944,0.40089,0.70739,0.34745,0.7536,2.0671,1.8434,1.1439,0.050692,-0.96474,-0.64925,-0.13207,0.2374,-0.078695,0.78682,0.79367,-0.52487,-0.54234,-0.99285,-0.05188,0.14039,-0.65013,0.56627,-0.14233,0.27978,0.74723,1.8492,2.1393,1.465,0.90642,1.204,0.80256,1.3541,0.84361,0.56875,0.18178,0.95157,0.63866,0.45217,0.040449,0.19678,0.50516,0.0051215,-0.26047,0.14132,-0.39608,1.0614,0.61909,0.063451,0.023741,0.93971,-0.046527,0.60305,1.5675,1.3554,1.3148,1.0334,1.3307,1.496,1.2495,0.80752,1.1574,0.38166,-0.26913,-0.088046,-0.70623,0.051663,-0.73795,-0.95232,-1.5618,-0.3115
