-2.4892,-3.8965,-3.5656,-4.063,-4.7177,-10.159,6.1413,-10.827,5.0811,2.4135,-1.899,-2.856,3.5793,-8.3645,2.5147,-10.729,-0.020903,-2.1666,0.38577,1.0772,-4.4463,-0.009178,-5.4967,6.1629,14.442,3.7889,11.359,-6.8436,-2.9657,1.9777,-3.2264,0.56509,1.7345,-0.20914,8.6736,2.293,-1.5229,1.3265,2.5159,7.2119,-0.74256,-0.62417,-2.8259,-4.4252,0.14525,-15.34,3.9645,-10.963,-2.2348,-7.0869
5.9943,16.26,-13.506,-2.879,-4.3362,-2.7527,1.7087,2.0083,-8.0829,3.432,-2.8386,9.4742,9.4582,4.6907,-9.8107,7.1572,-8.6212,-8.9489,8.0023,2.0863,14.085,-1.7597,-6.1287,-1.9638,12.503,3.926,-0.40765,0.052308,7.0479,6.1669,-8.7531,-3.8996,6.5477,-3.1639,0.33081,-9.3863,-10.653,1.7544,-3.747,0.21873,-8.0165,4.8831,-12.775,5.0965,-5.7271,-24.212,1.9043,15.978,-0.58103,4.5161
3.5642,1.2694,6.106,-2.62,-1.1483,0.32024,4.1223,-0.59703,5.0435,-4.0429,-1.5186,-4.6515,0.80577,-4.6212,4.3004,-15.106,20.491,-14.754,13.368,0.81435,15.157,-1.5231,5.9912,5.1139,-4.2545,1.488,-6.1191,-1.0307,8.4806,-23.043,1.1949,-0.94162,-2.9906,12.208,-7.942,4.8221,0.60994,0.17817,-6.6353,2.5969,0.77104,-0.16365,-1.6669,4.8555,5.2467,4.4556,8.3057,-5.3731,-3.7844,3.2063
-3.8745,3.7919,3.8732,-2.4114,6.0759,6.4236,-4.0359,-11.062,-10.905,-0.32384,-14.588,1.5976,10.034,3.0274,-2.1514,1.7894,-1.2448,-10.06,2.6297,11.422,-7.0503,-0.64365,-15.798,11.302,1.7361,-2.7123,-6.2873,-6.6783,5.4052,7.1067,-7.065,13.877,16.065,2.1167,8.3082,0.69431,-2.566,-5.4415,-1.8786,9.9526,10.602,-1.0576,2.2751,10.337,-0.3625,-5.7258,2.1969,3.2892,1.7887,-1.0553
-4.331,4.2576,-4.7381,-2.8217,-6.9613,6.0779,-5.3006,1.7643,-12.382,-4.1735,10.872,18.418,8.3874,11.092,2.0724,-1.1637,-6.1514,-15.687,6.564,2.8541,-10.419,3.8338,-1.1192,-3.702,8.3053,11.307,1.8136,2.0676,10.878,2.7619,-7.0709,0.156,-7.2169,6.6124,2.2144,-4.839,9.7846,-4.2323,6.3752,4.384,-5.9546,-4.8179,-5.4145,-4.0847,3.6665,3.5811,-3.8283,17.409,2.1494,9.912
-14.7,-7.0614,15.197,1.4513,8.5734,0.42833,-6.0308,-2.362,8.1496,3.5696,-3.2365,-5.5454,-5.1655,-4.6254,8.0421,5.0041,6.1892,-5.3934,-2.2555,-0.3727,-1.3157,5.1544,1.0111,6.0878,-3.9834,-1.2798,-3.125,-1.523,-1.9331,-3.0324,-1.7887,10.718,2.79,-7.69,-3.6238,10.425,3.7368,2.1801,7.8742,1.9837,1.2364,-1.5491,-5.3225,-2.5567,-3.6519,5.9479,13.114,-9.6405,11.953,-4.972
3.01,-0.74865,-7.5102,5.4985,6.0105,2.3412,-1.8896,-9.528,2.2772,-0.69743,13.545,3.2588,-7.3756,-8.916,1.9317,-7.368,-0.38703,9.5456,-1.8649,0.029027,-5.6256,-7.3647,-0.83284,5.7596,2.0616,-0.62158,-1.3007,3.9204,-2.74,3.7984,1.8429,-7.2563,0.87395,0.88902,-3.4756,1.0096,2.5864,9.0443,4.9512,-7.129,-2.899,-8.6368,-1.2153,7.3755,0.90369,-7.2109,1.3162,-8.5815,6.4228,3.2202
5.8318,-0.1343,4.1368,-6.652,2.2084,-5.3936,-1.4282,-5.6789,-9.9824,6.1828,-2.1301,0.024868,-6.7436,-0.34621,6.4186,3.1059,-1.88,-2.6436,-4.9904,4.3775,-13.108,-3.0929,6.9327,-4.7912,-0.8356,12.392,-3.3451,-4.467,-3.8939,-4.2203,1.6773,-5.0684,-4.7276,-1.7509,-1.1566,1.3203,6.2449,-0.56424,-2.0828,8.2212,-3.992,-1.1861,2.2027,-5.7735,3.385,4.0614,-1.6896,1.0496,5.6552,-19.891
-4.325,3.0483,5.5346,-5.6459,-15.427,-1.1049,6.7885,3.8053,-2.6688,-2.4927,6.1862,3.5494,9.2785,5.2722,-5.1909,-4.5574,-5.7079,-10.756,-0.57595,9.5882,-10.352,3.9656,1.8399,-0.86759,-1.7883,7.6576,1.9132,-0.59762,5.1964,-2.4082,-3.015,-2.4716,1.8194,21.523,-7.1675,5.5916,-3.5495,-12.17,-10.67,2.605,2.0709,0.88082,11.702,4.4673,-1.9763,-6.6361,-10.892,-1.655,1.5404,0.76812
-2.2512,10.68,-14.164,-10.305,-0.84155,-6.6929,4.5371,-4.6039,-0.073632,-8.7973,-13.326,-0.25952,8.5732,8.8699,-9.9584,8.3934,-13.866,-13.804,-8.9771,9.4966,-12.476,5.8985,-10.034,4.665,-7.0713,4.6061,4.7708,-11.061,1.9808,-5.9805,2.6702,5.3754,-0.85157,0.49931,8.9304,2.9579,-10.162,-11.786,-6.4719,5.0168,15.12,8.2359,8.6474,6.0693,4.134,-5.3148,-15.03,4.927,-6.4267,3.8296
9.2426,-3.7808,4.2345,-1.525,0.828,4.8662,-9.2614,8.4822,10.289,-0.77778,-0.41162,-13.25,-1.333,9.429,-11.246,5.6034,-9.1505,6.5507,4.8896,-0.47923,5.1657,0.85811,-8.1285,11.553,-10.521,-3.5116,5.6378,-2.2952,-3.9337,-2.5698,-5.7359,-1.5434,1.696,-12.306,-0.48043,-5.1143,-6.868,-4.8318,-5.167,2.4954,-0.50116,2.1309,12.649,8.695,-3.3522,-15.639,-8.8924,-2.3839,2.395,-3.0788
2.7439,0.71871,3.4222,-3.6608,-3.2605,1.0955,3.261,8.948,-8.3521,6.7251,0.94419,-7.5172,0.54447,14.194,-21.585,19.201,-10.739,-8.308,-5.418,-6.864,-4.8183,6.2543,-0.25153,7.2231,1.1414,-4.2398,4.9477,0.52845,-2.0386,4.1768,7.3196,-6.0129,17.906,-11.253,1.4016,9.4761,0.078652,-2.2249,5.6416,-1.8104,6.6324,9.1698,5.9801,-11.412,-12.005,-5.2282,-11.709,6.405,3.6627,-0.32194
-3.8007,-14.381,-2.4671,12.284,3.535,2.5523,-0.89259,-8.5825,-4.8895,-10.057,-1.7249,1.3446,3.5854,4.6611,12.39,-1.269,14.034,-14.258,10.69,-5.8116,5.8054,11.311,-6.6613,-1.0628,3.329,12.146,-19.828,-2.6546,6.0259,-2.4288,-5.317,3.082,2.6741,5.1771,0.014438,-6.6135,12.256,4.7759,2.5,6.6135,-3.6286,1.0398,2.15,-10.982,-8.7564,-2.8574,6.4211,10.588,-0.44293,7.9299
-5.877,-9.2289,2.1856,-4.3933,-7.0087,3.6325,6.1691,2.3497,0.32847,-1.3887,-7.8829,1.9845,-0.36504,-1.5434,-0.23014,-9.146,8.7195,-10.209,7.0833,-6.0401,-1.1758,-1.3375,4.7155,-0.14855,-3.6122,0.69621,3.0541,1.9198,9.8666,-5.9887,7.8952,1.2672,0.1292,-3.9778,-4.3276,3.7067,-8.7203,0.43554,5.8388,5.5064,9.0403,-0.84858,-5.3404,-8.2896,5.7766,18.114,4.4837,-17.31,-6.3313,2.1941
5.0135,-9.6986,-2.0765,-1.3139,-3.1255,-3.0154,7.5509,-3.513,1.8705,-7.2768,4.6604,-2.7199,-2.514,-4.0113,6.2733,-14.794,4.39,-5.7476,-6.3094,-13.249,-3.6542,6.3169,-5.5118,-0.49234,12.903,8.1411,5.2113,-2.038,4.7078,-14.442,-3.9432,-0.6571,-7.0992,6.8841,1.2085,-6.9532,7.7497,2.5215,-0.63983,0.62036,-6.9097,-1.4042,-3.8476,-1.4535,7.3212,-2.0571,0.36458,-9.8237,-7.7681,6.3853
-0.03525,-2.7545,0.37007,10.898,0.28949,-2.3941,-2.3273,5.3397,-2.3545,-3.6884,15.196,7.1703,-2.5254,-5.1607,5.6411,0.35203,5.6156,-6.4424,-3.7881,6.2197,4.7441,1.0623,2.6388,-2.7887,1.681,2.1677,-10.257,4.7177,-3.8919,-0.24921,-8.3273,2.5974,0.58654,13.048,-14.214,-8.0431,13.245,-4.6972,1.8013,-11.198,-1.126,-8.8884,-7.967,-1.5365,1.5422,3.3331,1.1588,4.112,2.3528,8.7033
1.4533,14.942,-5.7625,-11.639,4.3947,-5.3542,0.893,7.7534,1.3197,5.1082,-3.292,-10.137,4.5702,15.435,-8.5127,3.6749,-0.048171,0.65146,-1.4448,9.4837,4.673,4.2335,-1.7602,-11.86,-2.2788,4.2689,2.0586,-4.3514,1.6259,-5.816,3.3057,-1.9173,-3.52,5.642,-4.2144,-8.0644,-14.651,-7.7928,-2.3744,11.206,11.951,7.2765,-8.0965,6.5161,-4.5794,-5.7937,-13.279,2.4011,-0.1024,-7.9367
1.6598,7.528,0.56624,12.013,-8.1882,4.4615,0.78916,-8.9564,-13.27,-5.7999,3.5861,10.437,6.6005,-15.331,3.4519,3.2094,-8.3105,4.563,-0.39951,11.319,5.5537,-7.8387,3.5221,-6.6522,-0.55801,2.867,-10.408,2.8416,-6.1709,-3.5197,-3.9093,2.593,-1.1878,17.367,1.489,-3.6083,7.6483,-14.801,-0.90869,-5.6984,-2.3915,-5.185,-1.4609,14.148,1.3159,11.934,2.9524,-0.52057,0.73155,15.37
2.4145,-0.0065811,-2.9844,-1.5185,1.5174,2.7509,1.8084,4.8449,-4.7392,5.8756,2.9919,0.30158,-2.2657,-0.94981,8.1376,-3.968,-0.6548,11.44,5.5782,8.5599,-2.8921,-2.9553,-7.523,4.5032,8.1251,7.9802,-7.7113,3.5396,5.02,-6.0019,-9.8905,-3.4305,-9.4562,0.16562,-1.4328,-6.1303,-4.1591,0.032324,-0.53835,-3.9785,-8.8972,-8.3912,-3.559,10.247,8.3178,-8.9953,5.1331,-0.76283,7.8255,-2.0988
-0.68744,3.6781,2.4338,10.484,-11.077,2.6918,3.2137,5.711,-2.5958,2.2717,-0.72438,-2.7506,0.48019,0.33464,-1.2825,5.1724,5.3187,-3.9017,-1.3647,4.9686,-0.79961,5.5206,10.198,-0.63784,0.15294,4.7002,-17.415,-3.9922,-9.5491,-15.532,1.644,0.55509,-6.3679,0.96077,-4.8425,-4.2559,0.32348,-3.2678,-4.9626,-2.7833,-3.5432,-2.4769,-10.483,-8.9911,-2.3615,4.1826,0.44519,2.077,3.2977,2.6898
-0.79457,-3.7039,-1.8516,-4.4077,2.1303,-1.9763,6.2036,0.42023,-3.5211,1.0811,1.2459,2.0286,-1.7157,3.1658,9.5381,-3.5624,5.6923,5.0233,-6.7331,-9.2857,-9.1261,1.2783,-3.3435,2.3427,-10.921,8.059,-6.3166,5.326,1.4287,1.6409,0.88867,-4.6384,2.2518,-1.6119,0.50132,3.1193,6.5183,9.4235,-0.94287,-3.3853,-0.77162,9.7779,11.292,-0.62814,1.4774,-3.3352,10.893,-3.5148,-3.0072,-2.9777
-4.5355,21.182,-18.276,2.1327,3.4833,7.3024,-2.3874,-0.75304,-3.3922,3.0065,-3.1451,10.183,8.2519,-3.6013,7.6398,4.0321,1.8097,-18.84,-1.9317,6.5285,-6.0739,5.0568,-11.572,-1.6607,1.6984,8.1742,-4.5942,-0.99948,7.6024,-7.3301,-3.9716,-2.8262,0.07099,9.3344,-9.5172,2.1166,-2.4027,-0.15048,-0.76662,7.0811,-0.97595,10.835,-8.3447,-1.3242,-5.475,-18.249,5.8156,10.314,1.5875,-2.0964
-9.3381,-13.64,6.7443,5.0823,-3.7023,1.531,4.1595,-8.9134,10.468,-1.4671,-10.738,-8.1483,0.23778,-6.3184,8.9858,-12.207,10.298,5.3107,6.9936,5.1377,26.074,1.139,8.7918,1.4072,-3.0538,-15.235,2.909,-0.44822,10.141,-19.586,7.5134,-3.5262,2.163,11.556,-2.5674,-9.3692,-4.2082,-3.9958,-1.6071,-6.3047,13.257,-5.5869,-6.7043,3.4643,3.9466,-5.4764,5.0378,-9.559,-9.6317,10.433
-3.828,-0.13278,0.50952,-1.4769,7.4058,6.1473,-8.2899,-4.9638,3.1962,-3.8848,-2.4017,-0.41896,0.69165,5.087,-0.54081,21.16,-3.6376,-9.9259,-3.8355,-5.3974,-10.704,3.1184,-6.7927,3.4643,-1.2764,2.2135,3.4659,-2.7704,-10.174,15.468,-1.233,11.499,-2.9819,0.80187,3.2731,7.5597,6.6092,3.6887,-3.6689,2.4535,-1.0637,5.3011,-7.6203,-4.5179,-9.0778,-11.297,-0.38887,13.165,-3.0192,-1.6526
-3.6014,-6.2147,12.64,3.2377,-5.3849,2.5032,-5.263,5.2187,-14.288,-1.3494,11.295,4.3552,9.7743,-1.7704,-5.5238,1.5424,0.56172,4.4673,7.3249,6.6614,-3.9588,8.9648,-0.76269,-0.24802,-8.2754,2.759,1.0482,9.2453,-15.087,14.37,-6.4533,-0.8195,3.4145,0.0061132,-7.7852,-6.8079,9.6519,-1.8355,4.122,-4.3079,9.9584,-0.062807,-6.5652,-5.7591,-2.6597,4.3113,-8.177,-1.0873,7.701,-3.0701
3.4994,-2.0665,-10.483,5.7782,-5.1867,-6.1081,-9.7805,7.1081,-14.593,1.9558,10.155,6.394,3.1914,-2.5701,1.8826,-4.5061,-4.7462,-2.5782,6.1751,-6.6346,5.6034,1.8061,-1.0886,-4.8052,10.993,3.285,6.1379,-6.4718,4.7217,2.2554,-7.735,3.089,-2.585,11.109,-2.822,-1.4434,5.0119,0.71777,6.1307,6.0084,-9.6596,0.002283,-8.381,-6.2012,6.0408,-6.514,0.8106,1.7646,2.1498,2.5839
-9.1431,9.2518,-3.0868,2.5989,-10.981,4.8186,-6.9712,12.069,-7.1021,18.015,7.8315,-0.43719,2.3578,-11.415,3.436,6.3577,2.6934,9.343,6.8445,3.3553,19.556,-10.04,-1.965,-9.0417,5.0045,6.8126,2.2285,6.1018,-12.594,5.213,-2.1565,-1.5707,-18.93,5.4161,-8.2419,0.038668,7.467,-7.2605,3.0439,-0.27672,18.787,-4.7536,-4.4034,-6.91,-0.49564,-14.238,-13.557,-15.789,20.026,0.12086
-1.753,14.894,4.1473,-12.829,-1.097,-5.3473,0.5748,3.7575,-7.3141,7.361,-11.191,6.2738,3.7481,5.9834,-12.609,8.3261,-3.237,-11.945,-3.7239,5.3277,4.6811,9.7613,-1.7963,-3.0908,8.4422,-7.8407,1.1156,1.6706,-12.879,12.957,-1.0143,2.6754,13.617,1.0505,4.5726,3.0988,-6.2137,-12.388,5.4598,5.5351,6.4798,14.123,-2.4024,-5.8041,-9.3049,-22.058,-4.2279,8.571,1.0301,-15.525
4.9216,-5.74,-2.5118,0.82758,-7.7267,3.8469,-0.83204,5.4298,-3.1503,-0.32075,-7.9976,2.3296,-1.4513,0.33803,6.7115,-4.0805,0.66829,0.95976,1.2011,-3.5033,-6.4755,1.5806,-4.0509,0.89529,4.2691,4.273,-3.5389,-4.4437,2.1026,-6.172,1.1758,-7.5578,-4.8845,2.2261,0.82815,-3.7056,1.0854,6.2236,-2.9237,-3.8232,-5.5023,-3.4428,8.4984,3.3697,1.5883,-1.983,-1.1791,-0.77479,-0.43454,6.6684
-5.3442,-2.1753,-0.81684,-12.372,-0.93917,12.606,-7.8666,-0.69891,10.933,-2.154,-6.6319,5.0101,6.4863,12.013,-0.058739,7.022,0.66885,-0.60882,-7.4806,-14.531,-9.2881,9.2177,6.4929,-10.076,-0.049459,4.4026,11.229,-7.376,6.8769,2.7922,0.7387,3.5812,6.0563,-1.9548,5.1434,8.3217,-0.82339,14.796,-5.4799,14.932,3.2493,1.5004,5.9111,-16.194,-4.9651,-10.401,-2.4347,7.2889,-3.4585,-8.0347
-4.0167,0.84805,-4.1344,0.50951,-0.41303,0.90033,5.5539,-9.3875,0.026836,-3.4147,-14.943,-7.8042,2.0251,5.1703,-3.7277,-2.362,1.0112,-10.65,8.459,6.4761,-6.4931,0.2295,4.918,-8.449,0.77448,-0.55829,6.4469,-4.1704,2.0387,-12.696,2.8477,2.9564,-2.3194,0.46743,2.6469,-2.3212,-2.6115,-8.2848,-3.1147,6.6024,6.1862,15.407,4.3236,8.3077,-9.0383,4.2782,-14.071,-9.6256,0.3561,11.102
-7.9175,-1.998,-4.5183,14.249,3.8188,3.2772,-0.24026,7.4134,-9.0788,-12.679,2.1962,-2.5977,-6.1328,-5.5862,5.254,-1.4571,8.7055,-3.6731,2.3993,-8.5389,6.684,-6.8719,4.719,1.7285,-4.0169,-12.135,-3.2511,15.352,-5.704,5.1924,-5.6847,2.5266,0.80103,-1.1948,2.1267,2.6724,3.5583,10.538,4.8584,-12.008,3.2643,5.0599,-7.3311,-9.1098,12.204,11.735,7.1342,13.975,-6.0464,4.4261
2.1989,-2.9312,6.0605,-2.0126,-11.711,-10.715,4.0338,1.0326,-1.46,0.24649,11.278,-10.158,-1.28,-0.21426,7.6485,-10.506,-0.72796,4.8303,-11.729,-8.2889,-12.034,5.4689,7.3353,0.19705,2.5848,-1.0662,1.7237,-0.28481,-0.064466,10.301,4.0268,-9.1265,-4.2044,-13.91,6.1057,3.7626,4.6127,-2.2772,6.4652,-0.039926,-11.03,-13.225,4.5342,0.76713,-1.4928,7.3017,1.4479,4.7454,-14.494,-5.0072
1.8122,-1.6251,-9.4969,2.0192,6.9896,-3.7875,-2.245,0.57501,-3.5631,-3.6398,-15.519,-3.5455,0.85092,-7.7488,11.92,-9.6787,-4.7997,-7.4732,1.7879,-0.93556,-16.335,0.49869,-5.6996,5.8564,15.359,-3.2288,1.7856,-3.8192,5.9496,-7.7741,-11.982,-1.1784,-14.06,-4.6469,7.9978,1.3569,5.8566,4.4281,1.101,-0.5019,-7.1899,0.79997,-9.841,-1.4445,3.6798,-7.237,-5.6586,-5.2972,-4.967,1.7843
-4.6145,1.5831,-3.6743,3.4506,-0.46504,11.744,-8.4088,9.8441,-8.5556,5.9356,-7.0599,7.3423,-6.9182,0.5249,-5.7768,8.7134,-5.2238,10.986,4.6186,-7.1729,4.9001,-4.9433,-0.67601,-2.5314,-1.433,-0.54833,0.97422,-0.90104,-0.99695,7.5419,4.8719,9.9794,-3.5933,-9.2553,-2.2422,5.4802,-6.9876,5.2586,6.4974,-3.7145,10.101,5.9503,-1.1013,-5.1591,-0.059373,8.2111,-2.0573,-0.23625,14.311,-2.6502
-0.94933,-0.29721,-2.426,7.6652,9.3215,-11.137,2.2094,-3.089,0.51261,-2.8289,-2.0324,4.2589,8.2023,-21.142,10.18,-5.211,7.6899,-4.2267,-10.29,2.4017,2.7454,-4.8647,4.0114,0.75708,9.7512,-5.2304,1.8891,-0.5494,4.9732,-5.8516,1.7106,-1.764,-3.7311,5.3941,-2.1842,-5.3659,5.8432,5.6794,1.8845,-6.088,-4.4898,-3.5136,1.0491,0.98315,0.85823,-2.3425,10.73,-2.4859,-1.1126,2.6938
-5.2253,5.5221,-1.5691,1.9765,0.019723,-5.1941,7.1379,-0.86099,-23.101,13.136,-0.99197,-4.8003,-0.74015,-1.0814,1.7667,11.678,-9.7543,7.0063,-6.4749,10.97,-0.91401,3.7151,-2.4994,0.33084,0.44751,13.115,-18.607,-3.9268,-3.1083,5.365,6.7459,-7.946,-13.286,-7.6222,6.3252,-2.6212,4.161,-6.0163,3.8006,-0.28571,-6.1938,2.5924,-0.094292,-2.6032,-7.1531,3.6251,0.4848,-2.2431,6.6621,-3.2485
-2.1126,-5.7194,-3.4662,5.038,4.9115,10.298,-5.6736,-1.652,7.793,2.3637,-1.9698,-1.6346,-8.1399,5.9193,-2.204,-2.447,9.488,-0.59128,21.444,3.136,11.872,-0.58785,-10.847,-4.5145,-0.44864,6.7597,1.3552,11.611,2.7425,5.5027,1.9884,11.648,4.2757,13.236,-2.2462,-2.4474,-0.14868,8.3895,6.6542,10.298,18.11,8.2235,-6.9417,-1.6098,2.1319,6.976,-10.292,-9.8812,4.0542,2.6256
-2.2643,-6.5355,-3.6927,-2.3334,12.454,6.4314,11.131,-9.6929,3.6545,-3.1885,-10.276,-8.3194,7.4576,-8.5513,13.002,-8.1939,1.1262,0.44434,5.9386,-2.678,-9.3487,2.6109,-3.0379,1.6404,8.2145,-3.0192,2.7316,-1.3463,3.9926,2.3999,-11.419,-2.8894,-0.09041,0.37253,-8.4165,10.727,1.5272,-1.3345,-6.0847,3.223,6.9189,-1.6234,-8.7634,-2.0796,-4.168,-1.708,1.7121,-15.733,5.0971,3.7679
-0.176,-8.3162,5.1783,7.7239,-2.4744,5.026,-1.9821,4.0852,-4.0723,3.6413,5.433,-3.8109,-7.7605,-4.1073,0.36591,-7.6322,0.49302,6.303,-7.2335,-6.0266,-3.9889,7.5913,7.7554,4.8437,-18.536,3.8537,-5.6999,-0.81385,1.5777,2.7401,5.0617,-9.3301,-4.8473,6.4001,-13.378,8.0691,1.253,10.021,2.1379,-3.5679,-1.5544,2.6559,-2.1949,-6.0596,-4.5176,11.031,-0.80739,0.82428,-8.0158,1.0524
7.7053,-9.3622,0.0057307,-4.7988,9.9616,-17.621,10.086,-8.7743,5.3717,-7.3971,-5.6855,2.464,2.5424,-4.0589,9.4839,-9.435,1.0603,-0.90987,-10.333,-1.9103,-6.1485,4.292,8.0513,3.6804,-1.0849,4.0907,-0.90336,-9.891,5.5815,-6.0896,3.0939,-9.794,1.4826,5.6352,9.6526,-1.2378,-5.6544,12.273,-3.4734,-0.95985,-28.033,-9.0359,12.872,2.6327,3.3015,-5.7421,14.998,7.8904,-8.8979,-0.57626
3.3442,0.46027,-6.1159,4.0236,-1.3187,-0.34734,-2.3635,5.3965,0.0028227,-9.6036,-4.2011,-1.3553,-2.47,-0.2556,13.054,7.9822,-16.797,5.5052,-0.43502,4.9578,-8.1541,-4.9108,-0.49456,7.742,9.3496,-0.46175,-4.7462,-2.9137,3.7832,-6.371,-14.016,-3.0826,-4.6202,9.8324,-2.3145,-2.1502,-2.2485,-1.4854,-0.14172,-7.8015,-2.8206,-4.3233,-0.93222,5.6372,3.336,-10.159,0.82555,7.1152,-1.7953,-7.805
-4.6007,5.8909,-3.7054,4.8689,-8.0743,15.665,7.5901,4.3772,-14.123,12.003,-2.9314,-3.2785,-6.6048,-3.4408,-3.3618,5.3621,-11.386,5.3208,5.5797,1.8572,9.2236,-11.539,-6.3611,3.7071,9.5431,10.877,2.0051,8.6868,0.24378,4.3096,-2.4935,-0.41972,-1.9246,-5.4286,-1.281,7.4876,3.3462,-5.7645,7.1486,-0.38501,-1.8415,-9.5148,-6.5909,-6.2134,1.4207,14.247,-1.1656,-0.39691,13.622,2.8282
-13.071,9.1107,-6.9072,6.3771,-12.287,-1.4236,2.9958,11.021,-11.833,5.0803,-1.7628,4.8405,3.3691,10.038,-16.257,4.7858,-4.3319,10.106,8.7675,-4.965,7.0399,-7.8601,7.8905,-0.04497,-3.2156,-4.4859,3.5461,-9.3401,7.7764,-2.827,5.486,0.70639,-8.1279,1.2435,4.4066,5.7125,-7.9476,-3.5736,0.41691,2.7301,7.285,4.6153,5.4439,-7.2286,2.7216,-0.7889,-5.8317,4.1953,5.789,-6.8909
0.91035,-20.964,17.596,-3.9044,3.8104,-8.5857,-7.2724,-7.3954,17.577,-18.089,2.0743,-1.1354,12.045,-7.8181,5.6692,-7.2079,10.346,10.019,2.2481,1.0625,-6.336,-1.0517,-2.7757,-2.1889,11.55,3.5174,2.0719,-10.241,-7.1065,-2.0121,-7.0785,0.1646,-12.52,2.1493,5.0056,-5.8754,4.4028,1.0183,3.7038,3.48,-7.5331,-13.724,3.6492,-4.36,8.1411,13.293,10.147,-2.7856,2.4933,0.60656
-0.31792,4.5605,-6.3749,-4.3129,-7.3926,21.52,4.1609,-3.6091,6.2401,5.2653,-2.2625,1.8299,-5.7066,3.9642,-8.0047,-5.3905,0.16848,-2.982,7.1498,-5.4684,-1.6798,-2.8634,-10.718,3.4831,3.4869,-2.5933,19.199,8.7622,-4.3414,1.8372,8.4347,2.7999,5.6063,-5.3903,0.53238,3.467,-2.455,2.0785,4.4535,-2.217,12.498,-5.1577,3.6801,8.7763,5.844,-6.1197,3.5331,-6.5266,0.89897,-7.01
-8.1447,-0.27818,9.0839,-16.491,-5.1349,-1.8476,12.493,-8.3707,0.10705,6.6746,-7.3442,-4.4998,7.4647,0.82423,-4.2189,-3.3703,3.8605,2.2491,2.2628,13.903,9.2408,1.6288,-14.308,-1.6633,4.0874,15.824,7.9338,-4.5564,-0.57158,-4.8079,-5.2595,-9.4661,-3.3507,9.0277,4.4326,5.2307,5.0558,-5.4989,-8.6026,15.251,5.3366,-0.054799,5.913,-3.4223,2.4062,-16.943,-6.9194,-19.192,13.738,-3.2203
2.6314,3.8345,-3.0156,-1.7308,1.0459,1.7977,-6.7441,-4.7365,0.29384,2.3798,-0.22837,-0.77757,6.2041,-5.419,12.289,-3.6265,2.5186,-3.5684,5.4161,11.052,4.6528,-4.4397,-12.258,-2.2264,9.2981,-2.072,-3.2788,0.23113,-1.8411,2.6698,-6.4189,0.65803,8.7795,3.113,-8.9999,-11.289,-8.6282,-7.7132,2.5583,3.7912,2.2355,0.75486,-0.78937,16.456,-6.2231,-14.026,1.3151,-0.49153,-6.3621,-1.1838
-1.9673,2.9171,4.599,7.0127,5.9558,-3.3532,-8.1659,3.9525,2.2574,-3.1948,-2.6418,6.1683,9.9122,-13.985,3.3084,-2.6774,8.2147,11.28,-1.2303,2.6873,12.472,-7.2177,3.8278,-10.501,13.43,-8.7056,0.849,-10.31,-6.4419,-2.9171,2.7607,12.798,-3.9707,10.644,13.01,-5.3601,-3.451,11.459,4.1345,-3.5866,-5.836,-7.9805,-0.17588,-0.3549,14.989,10.527,10.877,17.753,-7.798,6.7316
-1.0909,-0.93076,6.18,-8.0186,-6.182,-0.14494,-8.5385,7.2497,13.436,-5.7169,4.8597,-7.5623,0.75429,-0.48481,6.4101,-4.5858,-4.5106,5.6432,0.91982,-1.3463,0.62105,-0.80811,15.328,2.3507,-17.177,-1.3369,6.0102,-1.849,-3.363,-0.92824,-1.8566,3.6735,-11.647,-5.0099,-2.2932,6.7804,-0.98234,-6.7015,-15.1,-1.8747,6.3391,-2.181,-9.0437,2.8273,0.74351,5.5148,-9.5252,9.8897,-9.9029,-15.099
-0.30678,-6.0401,11.583,-3.7792,8.3686,1.839,1.5587,-1.7471,8.0025,-3.2134,-12.244,2.6786,-4.629,-2.9808,11.103,4.9099,8.7557,3.0743,-2.3553,13.547,2.5386,2.3144,-6.0857,5.7164,2.9212,3.6491,7.2158,-4.0001,0.81828,2.9075,-7.7987,2.3497,4.2736,16.228,1.3874,-0.31012,0.81605,0.94537,3.8085,6.4828,-0.15083,-1.821,8.1006,1.6625,0.98648,-5.8688,7.6259,-0.74599,0.094859,0.28112
4.6364,-7.6684,-7.6322,4.5144,5.6519,7.3444,-14.655,2.4539,13.763,-11.577,-10.212,6.877,1.3327,-1.3396,3.2012,0.43639,-6.5178,13.5,12.026,-6.648,-3.9817,-6.9701,5.6599,1.2957,-2.6806,3.1746,11.36,-9.9718,-6.0344,-5.1994,-3.4369,2.6056,-4.1424,-1.262,10.825,-9.6411,1.3322,5.0617,-2.2033,5.0939,-8.5383,4.0978,17.923,10.905,10.476,1.634,2.5387,-4.3102,4.1972,-5.2586
-5.1851,2.1104,-0.28207,-4.8154,7.4421,2.1791,3.6038,-0.4708,-8.8985,0.10816,-6.5442,-0.80232,-0.20379,-8.3231,0.93272,0.85095,-0.79172,0.087291,-6.6783,6.125,0.3418,-3.8299,-7.8027,7.4668,-4.395,1.6534,-7.6286,-0.81,-4.3961,-4.5829,-5.4355,9.0374,-0.8887,4.891,-3.4653,9.2079,5.0406,-0.78862,-1.7594,1.2232,-3.7683,-4.5231,4.3549,15.674,2.531,-5.113,11.566,-1.6041,2.09,5.3963
-8.2788,7.958,-0.70314,2.3251,1.3105,1.6161,-9.0229,-18.71,13.897,2.9055,2.0591,-2.7159,1.078,-7.9763,9.5845,-4.036,2.0195,2.6344,0.38813,1.9133,-5.1123,8.8263,-3.4064,-4.3829,8.0393,10.3,3.9081,0.20203,-4.5636,4.6652,7.5159,3.5761,-11.08,-0.26417,2.3455,0.7881,2.5897,-7.5918,8.1614,-0.36564,3.1096,1.3432,-9.9277,11.188,-7.8435,-0.87373,-5.8265,6.3381,2.3264,4.7939
-5.6955,10.134,2.0067,4.6927,8.7763,-6.7853,-6.4962,-4.3986,1.1935,4.6465,-1.7558,-7.264,-0.3341,4.0283,-7.1004,10.644,-3.9578,-2.5118,0.58173,3.9304,-5.2088,7.4165,0.5886,-3.8471,-2.9848,8.3338,-7.5071,0.41737,-14.236,8.5169,1.2793,-1.8285,-3.6773,-5.4676,-8.5493,3.931,-1.7605,-14.426,10.843,1.6111,9.3934,10.47,-1.3944,0.088,-9.9343,-3.7093,-6.7344,2.759,11.39,-16.375
-4.1206,-7.9277,-0.51961,-2.767,-1.4975,-14.984,8.1509,2.209,-3.0873,2.7219,1.5018,3.6448,8.0434,-7.4128,1.8876,-8.9848,1.658,4.2625,-8.8479,-6.9509,1.1621,3.8808,13.338,-8.9301,-2.2325,6.9016,-6.257,2.6771,8.8085,-2.6912,4.2526,-0.44855,-6.5064,2.2194,1.6613,-4.8484,7.3633,8.5529,4.0176,-5.7946,4.0271,4.001,4.6616,-6.6013,1.7473,6.4829,0.35554,-3.7691,-5.4082,-9.7877
0.29814,6.2561,-4.2591,-4.4513,-0.97171,1.7115,2.954,-3.82,10.943,1.6144,-1.5106,4.5202,8.3709,-1.2269,4.1946,-7.063,7.2668,-4.477,3.7376,-3.0424,-1.2466,-2.3796,-7.2021,5.2749,8.6024,-8.8249,11.766,-3.9632,14.557,3.8125,-12.288,1.2127,-9.0667,-2.4904,-0.43775,7.7372,-3.1482,3.9956,0.24827,2.7435,-12.838,-0.39323,-1.3383,-5.5514,4.5303,-18.455,0.36311,10.414,-0.55535,-4.5307
-8.7259,0.61166,0.46514,-0.14126,-1.7379,0.088921,-1.6607,-12.092,0.75167,9.5496,-10.81,-9.0107,1.2271,-9.946,7.6177,0.39432,7.5385,14.126,5.813,15.345,18.393,-0.093329,6.3812,-0.046894,9.3911,-1.2177,-3.7645,0.50494,3.8414,-4.6493,-0.61686,10.198,-7.9476,5.729,10.857,-4.3288,2.0909,-2.8106,-2.5063,9.5857,11.734,-1.3171,-7.0733,2.6634,8.1675,6.4354,6.5072,-11.832,-3.8637,2.5727
10.829,-8.1061,12.276,-9.5141,8.2846,1.5779,6.1807,-7.6037,11.852,-2.902,6.2595,-7.0982,-8.5998,1.975,-1.9575,6.4178,-12.857,8.2146,-7.5439,-4.8681,-2.0147,-2.4586,-9.6247,8.6724,1.2205,-5.2396,13.869,5.3532,-0.90027,11.332,2.7334,-14.238,5.7248,-7.0124,1.2245,-2.5331,-0.18936,7.521,6.0067,-7.0727,-7.1041,4.7367,-0.82476,9.1197,-4.0785,-13.08,1.4097,-2.4603,-0.59575,-1.3767
7.2382,2.2096,-9.4663,8.7197,-3.0802,-0.35652,12.698,-0.65641,-11.568,9.5974,10.102,7.1126,-2.4018,-10.238,7.4181,-12.035,5.6153,12.57,-1.1857,8.2917,17.638,-9.8627,3.6159,-4.6952,3.7598,6.7008,-10.762,7.6322,3.1739,-0.93025,5.6307,-1.5531,2.1211,11.693,-11.877,-10.907,7.5135,1.2455,0.72684,-7.9068,0.22661,-5.1605,-1.7881,7.583,8.8782,6.2503,7.4612,2.2084,-1.1938,12.505
-0.73257,7.4872,2.4684,5.3205,-13.36,-10.086,1.5297,-6.6271,-6.6151,2.8639,8.5867,12.858,3.4785,-18.745,-8.8693,-13.437,20.191,14.674,9.2353,12.286,18.751,-5.7929,3.1243,-8.6142,-4.8781,-2.5486,-7.165,-4.9559,-0.10148,-15.063,-1.1459,10.508,-3.9187,15.473,0.66302,1.1027,6.1288,-5.1312,3.1568,0.59062,3.8594,-8.3209,-7.1203,-5.7305,24.535,7.4874,2.9827,-4.3776,-0.65379,5.1109
2.5696,0.41621,-5.5821,6.6101,-2.0687,-0.56806,4.867,18.883,-10.12,-2.5432,-3.4218,11.876,-0.24979,-3.905,-5.0375,4.6777,4.6681,2.0005,4.8322,-14.603,11.722,-4.2303,9.3241,-9.6218,6.8261,-6.1594,3.2908,-2.8878,9.6563,4.3311,9.4248,5.9506,5.4695,12.769,4.6489,6.3041,-1.5375,-0.82532,8.1102,-2.5481,5.5024,8.1029,4.0643,-8.5332,2.503,17.052,0.68523,4.6689,-5.3595,3.9608
-7.5044,-0.038203,-6.0676,8.3222,2.937,4.2969,-11.111,-5.842,3.5095,-8.6027,-7.8056,-3.7136,-1.6467,-3.4996,2.5841,6.745,6.3522,-0.10736,-0.24962,-0.46833,6.984,4.3655,3.1956,-10.8,-2.2874,-7.7979,-1.4931,-3.7249,7.3684,-9.5368,0.82092,12.469,2.22,2.9612,5.4013,-12.772,-0.8749,-0.5528,-2.1267,-4.7182,7.2137,15.647,-5.7845,2.0143,0.7513,10.608,-7.2611,2.1883,-15.69,-0.87293
10.365,-8.1891,4.4955,3.1756,5.2162,-5.0959,6.9881,0.052508,6.3459,-0.36012,-7.6323,-11.07,-5.93,-2.7958,-1.8697,-0.59993,2.621,2.6545,-2.1384,1.1261,0.54627,1.5749,7.8481,-2.3864,-10.059,-3.2349,-3.7353,0.26154,-5.3749,-8.1237,3.7643,-6.6283,4.8429,-5.5437,-1.6771,-3.2052,1.4992,3.121,3.5662,1.4594,1.6383,4.7962,12.554,2.9766,2.2624,0.87481,17.465,-6.8252,2.9705,-6.0091
1.4803,3.0388,-0.74845,-5.3491,-4.9577,-4.617,2.0063,8.1519,-0.14933,2.1689,-0.77744,2.4099,-2.6819,9.6794,-7.8849,-1.8785,4.0655,-8.3623,-1.7785,-11.877,-1.4789,7.3101,3.4813,6.4682,-6.4854,-0.063479,3.5468,1.0603,-6.879,4.1397,-2.096,-6.5441,4.4886,-2.5305,-10.296,5.7171,-1.7955,-1.2942,0.40219,-7.0719,-4.9413,3.7621,1.8747,1.6854,-2.7469,-3.8996,-5.6368,-0.14204,-7.7098,-6.7179
-3.3967,0.44756,2.8176,5.6256,-0.81019,5.2972,-21.06,10.306,-2.2251,-14.692,1.2614,9.2237,-0.18313,0.071455,-8.58,9.7172,-3.1443,4.4163,3.4711,-4.6171,-3.0667,-3.7085,9.3076,-7.9516,-12.428,-0.22906,-1.8472,-3.1712,-5.8389,6.0833,-4.7272,17.98,-13.672,2.0518,3.3793,-5.7468,1.4731,-0.45378,3.8641,-10.203,8.3107,9.4618,-2.2855,-0.24318,11.516,22.705,-3.8082,7.6358,2.8782,-5.6175
4.0449,10.313,-6.8184,9.8606,2.9225,-7.5295,-6.4179,-3.406,1.1294,15.183,-1.3514,-10.457,-5.4974,-2.587,-9.6674,-12.061,-6.3159,5.8646,1.9591,7.8033,-6.319,0.70478,-1.9247,12.108,3.3757,-1.0406,-13.798,0.75195,-3.5375,-1.8527,-1.0671,1.0054,-14.087,-5.279,0.88481,6.0809,-0.77743,4.1618,6.5705,3.2812,-2.1669,4.3949,-9.1251,-5.0646,-2.6355,-7.9896,2.6736,-0.68784,-3.1576,0.81358
-2.3391,-2.3843,4.7696,-15.085,0.0039509,2.5569,0.061485,-3.4504,-8.3932,-4.4033,-1.8187,1.6236,2.2245,-6.8949,7.9099,4.8312,0.38383,1.2306,3.3928,0.34606,-8.2448,1.1781,-8.7137,9.5081,5.0541,4.0843,4.6945,-2.4642,3.0135,1.2913,-6.7596,-9.3358,5.485,-9.7979,-0.41982,4.4599,-4.1242,13.358,-5.0929,-0.88414,-11.516,-8.4506,-1.9963,-4.0951,6.1548,-8.1038,2.2462,0.21472,-2.3166,-7.6706
-3.8753,0.88679,2.7462,-1.1358,1.0915,-2.6585,-4.3627,1.7401,3.6456,-6.0912,15.911,5.0448,-4.3921,3.0911,-4.1154,4.187,1.4213,-13.136,-8.2158,2.7757,-4.2568,1.2405,1.884,6.0374,-16.705,1.3426,1.9676,-2.8367,-0.73918,-2.8511,-9.2318,-1.6509,-9.0776,-1.0388,2.6059,-0.19676,5.8881,-2.2074,-1.3389,-12.023,-3.0913,-3.8133,-4.0922,-13.017,12.171,6.5114,-4.8459,7.1049,-3.1216,-1.519
-3.9779,3.5294,-7.0201,1.1829,-1.0591,2.9392,-2.8255,4.1914,-3.6059,5.1601,-15.591,-1.0143,5.7642,-2.0035,-0.62352,9.142,-5.2385,6.0779,-1.9506,7.8332,-1.9017,-3.9065,1.9127,-5.5824,-1.8872,1.5855,4.308,-2.6834,0.29535,-3.6926,-9.2768,2.47,-7.3665,1.6982,-2.5331,0.50297,-0.6839,-6.8101,-0.21985,0.76523,14.129,16.943,-1.8585,0.87518,0.23532,-14.085,-4.8533,-10.455,17.813,4.5796
-0.09873,-2.9818,5.0217,-3.9487,2.765,-12.336,9.601,-0.2326,6.3019,-3.3088,0.016548,3.7118,9.8462,3.5002,-2.9674,0.19239,19.494,-0.63315,7.0873,4.3757,15.363,0.95494,7.0069,-5.7379,-2.9654,1.634,2.5183,-6.5505,4.8528,-11.885,-10.24,-8.7613,6.3426,11.474,-1.5166,-3.0732,-1.6571,-0.49517,-2.1639,1.6061,2.9513,4.1118,4.1056,-7.752,5.8834,-0.12972,7.4201,1.9631,-6.9334,-2.551
-5.6368,1.7577,2.518,2.585,1.5978,4.944,1.2448,-3.0586,-2.6612,-10.527,-1.352,5.4632,3.4554,-4.1685,16.437,-2.2359,2.1245,-4.2585,-2.6578,7.5337,-1.513,-3.1091,-14.154,-1.4885,13.317,7.0528,-2.0059,1.5153,5.9242,-8.0778,-16.845,1.6947,-1.9502,15.943,-7.0861,0.25681,18.231,-6.4902,6.4578,-1.053,-4.4646,-4.2994,6.6844,10.966,1.3473,-3.0515,6.4303,-3.1046,13.265,6.8403
2.0043,0.64975,0.60269,3.369,-2.4758,-0.15829,-7.5221,10.362,-3.671,-9.7469,0.66116,1.9431,-0.60367,4.5107,-3.9226,-2.8009,-4.116,5.2523,5.0499,-9.6222,3.5377,-6.4842,12.652,0.27726,-0.63934,-10.253,-0.43049,-4.0438,4.7145,13.364,7.4312,2.0719,-8.5557,-2.6433,-1.7055,-6.5588,-8.9399,11.316,-3.8285,-2.6904,6.143,6.1022,-1.8016,-7.9681,3.096,-0.098448,4.3778,8.5651,-1.8342,-5.8903
-7.8497,7.8813,0.017991,0.91201,-5.287,12.908,1.3928,1.5204,0.58452,-2.1033,-7.8513,-10.02,9.1075,-3.8529,-0.8729,2.4334,2.7237,0.20526,-4.8633,1.2716,0.003344,-1.0835,-1.0796,1.0163,0.34969,-11.591,11.423,1.0223,6.5541,-2.6569,-10.261,1.8676,-12.194,-18.214,8.6244,1.5948,-1.3556,0.19019,-4.9941,-0.013564,-3.0594,2.3437,-6.7025,-2.7271,3.0232,-2.9257,-0.042868,-5.669,9.7573,9.4654
-3.993,-1.9912,-9.5629,-5.1941,10.057,-1.5378,0.67106,-6.2007,6.5052,-3.549,-4.1101,-5.7966,-1.3033,7.7834,10.445,-5.2292,-5.2149,-5.7623,-0.10253,0.019551,-14.374,8.663,-9.1307,6.2312,8.1539,-1.3604,0.72892,1.6436,-1.4247,-7.5073,-7.5115,-4.9065,-8.394,-5.4928,-9.7922,-0.60393,-4.106,-8.4956,-3.5112,0.42309,-4.9819,-3.8743,6.0645,7.2503,-2.5802,-17.629,-2.5558,0.11457,-1.2425,-2.5168
10.945,-9.2773,-0.80201,-4.0174,-3.683,-2.816,5.8584,5.2485,-1.7415,3.1714,2.6162,0.87594,-4.536,-6.2784,-3.0556,-10.886,19.273,4.4459,8.7231,-7.7701,8.8056,-11.113,6.4299,-3.7607,11.488,-5.4338,9.4666,-6.7006,7.1822,-0.90056,0.37748,-8.7762,-0.62036,-1.9354,7.1425,-6.1872,-2.6734,8.1351,0.54305,4.0936,-7.3956,-1.8667,6.5595,-10.304,5.3076,6.3029,5.9529,-5.0311,-2.7635,8.7518
-4.0744,4.0474,-2.9444,-4.4045,0.35303,0.84924,-2.2434,-4.1067,6.8909,0.47723,-0.77752,1.5614,5.5117,-0.68849,-2.2226,-0.19071,-5.4292,4.6996,-2.4962,4.9216,-3.2852,-4.5281,3.2804,-0.49533,0.41316,5.3469,7.9017,-5.4054,8.3251,-3.0912,10.129,-6.6391,-0.94362,-3.9751,2.7789,-10.404,-5.7238,4.0726,-4.0136,-5.383,-2.7665,0.11987,-3.1589,0.56039,0.22118,-6.4471,-0.95247,10.688,1.2043,-1.771
-6.7266,-3.9457,-0.33094,13.935,-2.4575,-3.8866,-4.5038,0.045471,2.7819,-8.8181,1.4984,2.0321,0.96523,-17.276,3.8933,-9.9574,-1.358,14.214,-0.52917,6.0352,2.1654,-13.539,14.776,-1.5834,5.4466,-6.9779,3.666,-3.1452,1.6303,-10.159,-6.3625,-5.225,-6.3673,-0.30574,4.4367,-2.0085,1.1935,3.157,-2.0834,-11.485,-1.2859,-3.7463,0.63387,1.6918,11.465,13.011,-0.42147,-6.382,5.5359,4.8176
-8.6522,8.0955,-3.3385,-3.3658,4.9043,-1.2659,-7.3501,3.4597,-7.17,-7.0302,4.8415,9.9843,5.5034,8.2864,-6.4505,-3.3001,-4.7823,-10.825,0.52217,0.22097,-5.9121,-0.4848,7.0153,-2.2424,-10.565,-10.319,2.5925,-4.2884,7.3167,8.4689,-4.0224,0.98474,9.5026,4.0547,1.9731,4.3552,1.3341,-7.6236,-2.1065,-3.2256,-4.8006,-3.14,5.3457,10.901,-3.5078,-3.5815,-3.412,13.172,-2.7237,-0.82381
-8.2046,7.5065,1.9273,-6.4137,0.95766,18.158,1.5399,5.813,2.6098,3.907,-15.822,4.1642,-0.88907,21.308,-10.809,8.172,-9.3413,-16.382,-6.7398,-1.8698,-5.6093,10.573,-6.4128,6.7924,0.39416,7.4977,-2.8208,0.45729,-1.8777,-4.3989,7.6567,1.1689,2.6089,-6.2915,-8.9223,14.621,-5.9025,-5.4119,-2.0289,7.9508,5.4634,8.317,-0.37802,-0.6709,-12.705,2.2588,-9.3017,-4.9423,11.558,1.014
4.7205,0.91914,0.041012,0.3981,2.8755,3.9752,-1.0896,8.2221,-4.553,-2.7459,-4.5841,-6.9877,-0.71245,2.4017,-3.6316,14.009,-6.6788,-2.754,0.69781,6.6581,-10.984,-3.8171,-10.298,8.2753,-1.3428,-2.1953,-2.6648,2.6368,-4.7154,1.1386,1.4308,4.2399,2.8083,-6.5095,1.1105,7.2296,0.11383,-0.93975,-0.47485,-2.5908,-7.6415,5.1236,16.17,9.2402,-9.8559,-11.695,2.2764,-3.2069,3.1901,4.6131
0.57761,5.7239,-5.6453,-2.4504,-7.3839,3.203,2.7199,-7.3996,4.3236,3.3914,-8.6984,-7.6696,1.0553,-3.225,10.552,-0.39417,-3.614,5.3109,-2.2763,7.2003,-3.3546,2.0784,-3.2449,2.7848,-6.2639,8.4872,-0.84102,-9.0214,3.1333,-14.344,-4.3365,-3.3571,-10.837,-2.7015,1.3359,10.666,2.8379,-6.5077,-6.6885,7.2157,-8.8795,1.3593,2.9241,6.7603,3.1178,-4.9468,1.9876,-7.4693,-4.9462,-9.6518
-3.6426,-3.957,13.79,3.8606,5.1233,-5.1014,2.631,-12.715,-0.13342,0.9346,-4.1116,-8.0612,3.2074,-3.2643,-9.3984,18.466,-7.4662,-1.1545,-8.2641,1.3343,-4.4732,8.2968,2.8841,0.12549,-4.3082,7.3392,-0.77675,5.2782,-14.176,0.29477,-0.86075,-1.8823,11.702,-8.9237,0.49483,-0.094692,7.943,-8.9429,6.2995,-4.1143,2.1825,-1.0281,6.1247,4.3448,-3.244,8.7932,-4.4412,-4.5908,8.6512,0.95412
0.46917,-1.5592,3.936,-9.4172,8.1965,-4.1306,1.356,1.8546,-4.8475,-6.7505,-0.34801,7.5138,3.1962,-5.616,3.2449,5.6988,0.59688,9.8009,-7.3417,4.3745,7.8311,-3.7295,-1.5168,3.8851,-5.9308,1.4181,-4.2633,4.6183,-4.0801,8.7249,-3.8897,4.3407,10.223,10.968,-5.2226,-4.6094,-3.5924,8.2647,-5.7755,-6.4378,0.47079,6.1081,-4.3358,0.35022,0.076284,-5.1376,12.225,0.47078,-6.436,-7.6874
-4.2795,3.9174,-4.4197,10.968,-1.963,5.7009,-13.356,8.382,-5.4392,-0.75467,5.3049,2.9486,2.681,4.1143,0.52824,1.7654,1.7369,0.48139,-2.7919,-1.5331,0.52241,7.9661,7.9872,-12.192,-5.4279,-9.9553,1.5024,1.2916,5.6878,7.0862,1.3608,9.1498,-8.1606,5.0607,2.0486,-0.17581,-5.0785,3.964,7.7923,1.1184,13.995,7.2501,-13.279,-12.356,1.4127,2.7131,-0.059596,0.14267,0.0074671,-1.5929
-3.55,-3.3709,9.7717,-7.5386,-6.8106,-2.4077,0.5759,-2.3333,-5.2409,3.9902,-5.1563,3.3078,7.2587,6.0837,-7.1671,-0.90809,7.2618,-10.071,11.382,8.365,3.7732,3.3638,7.4205,-4.1895,-4.0393,6.3198,-0.68883,7.9989,-1.8131,0.57587,-2.1828,10.663,-1.6416,-2.9859,-3.8718,-2.586,7.4885,-9.3435,-0.70837,9.0886,11.366,9.9393,1.2441,-4.1581,-1.9996,-1.3953,-15.062,-5.9398,6.6613,-4.2972
5.2381,-4.4786,6.1776,12.265,-8.794,17.752,-11.792,-3.5258,9.1172,-3.9158,10.101,14.063,-2.411,-6.4015,21.677,-10.136,11.179,9.7432,7.3662,-8.9937,-2.8641,-3.1092,-8.2641,-0.030491,3.573,1.6518,-1.7492,3.7606,-6.0847,6.8138,-3.2442,11.622,-7.1418,12.359,-4.2569,-1.5589,4.317,9.9436,-2.2518,-7.9251,-4.5571,-18.956,2.2299,4.741,9.7883,10.384,8.8469,1.4434,-4.3544,5.1696
-20.255,9.9593,-1.0654,8.0882,-11.535,0.071088,5.8288,-3.8621,-8.042,11.353,5.4031,13.546,4.1128,-0.21513,3.0034,-3.1273,12.72,-1.2043,1.2812,2.9945,19.876,9.8638,4.9675,-1.2627,1.374,-3.4899,-6.4353,11.665,-3.0412,2.8046,4.8577,4.9609,1.8579,-14.402,7.5908,-1.5189,2.3641,-11.708,2.6891,-10.023,10.318,1.7387,-19.074,-11.286,-9.0454,7.1956,0.92693,9.6929,5.1532,3.0618
-3.6465,12.68,1.5062,1.6388,8.9215,4.2245,-9.8582,-4.7674,1.9084,2.9035,6.7359,-0.44538,-5.9331,-5.0403,6.2261,2.0626,-8.8485,-5.312,4.2773,5.0253,-1.3829,1.7876,-12.964,12.409,-0.27351,2.158,1.5987,5.1546,-14.732,8.2868,1.9952,3.8525,-1.4004,-2.4622,-8.0855,3.447,-3.0206,-4.1862,4.2677,-2.9834,-3.8781,0.87768,-6.9464,-0.063258,-3.0652,-14.2,-7.4068,17.82,-2.8614,-3.6814
-1.2232,6.3761,-11.677,12.772,1.3364,2.7519,-11.701,2.8452,-12.677,2.5741,5.4568,1.5238,2.8553,-3.5459,-1.6176,-6.0617,-4.3404,-14.64,5.5139,-2.1832,-20.503,6.0673,3.1131,-1.6639,-7.8368,-1.5284,-4.2123,2.7434,2.2888,3.1313,-5.8792,7.7655,5.0825,-4.8867,9.4359,0.69176,6.6468,4.6697,-1.0919,2.3292,-11.868,-0.2986,-4.6685,-13.022,-1.6798,17.17,3.2725,1.7284,-2.4157,10.093
-1.8628,8.8678,-5.6443,-5.4534,-0.84656,-3.272,-0.34746,7.05,0.77415,8.2164,1.0756,7.936,4.1777,4.379,-17.228,9.1112,-17.693,6.2553,3.5898,16.267,2.1339,2.1454,-4.4796,-0.93588,-0.071315,5.7269,0.0418,-4.835,0.058412,-3.1957,-1.8631,3.0419,-10.376,8.7886,-9.8871,-2.4904,-3.4772,-9.699,-1.1452,6.0957,12.576,-1.0307,-1.7819,-9.6536,-0.69423,-13.22,-16.899,-3.5852,18.176,-9.3704
-4.3651,4.3,0.20759,-6.1145,7.0437,-2.3896,-1.5916,5.1538,7.0058,0.11892,-3.0307,2.9444,-1.0152,3.3984,-2.0398,10.31,-11.95,-11.932,-9.2652,6.1457,-11.393,2.1096,-9.3652,5.2339,-3.8633,7.8593,-0.60261,-3.0866,7.2167,-1.7051,-4.6823,0.15573,5.8934,1.5301,-5.4233,2.2055,-3.7597,-9.1002,-2.2741,-4.1747,-4.9875,5.3522,-4.0822,10.153,-3.207,-1.3098,-0.15793,4.1125,-1.243,8.1825
-2.528,11.321,-4.7478,3.5991,-10.466,0.61373,-6.7222,8.8692,-13.452,6.6803,19.192,2.2016,1.5018,1.6448,-0.30575,0.47228,2.0841,10.952,5.6838,7.5941,22.884,-6.0973,-0.34364,-8.2602,-5.3535,-0.58125,-5.8652,12.865,-4.0226,12.409,0.76185,4.7836,-3.6004,8.0772,-6.0832,-9.1296,-4.4716,-2.6234,6.1412,-1.2331,17.149,8.2533,-20.346,-6.5743,-5.0331,-0.22873,-16.376,7.9694,8.7186,5.9035
-4.5506,8.092,-6.0558,10.456,4.9785,3.206,-1.4388,-0.39218,6.0162,0.23342,-11.116,6.0113,-10.864,-5.9841,4.4628,7.7745,4.0189,0.94143,-3.4422,4.4657,8.5559,-4.1849,-6.5569,9.9829,-3.4891,-3.1455,-6.2125,-4.7302,-7.8709,-4.3209,-4.5743,0.19079,8.9603,-5.0523,3.4111,-1.8094,-3.4374,-1.4393,-4.126,-5.9499,-4.4868,6.0424,1.376,4.8716,-1.9871,7.9976,9.7168,-6.015,2.9015,4.9761
-11.792,2.1156,8.0443,-3.7697,-3.5746,5.1298,-0.79975,-1.3007,-2.3066,-9.0226,-13.555,2.7515,-7.0718,-6.4503,10.548,-1.0335,-2.2152,-6.3474,-9.8985,-3.965,-5.043,1.5288,0.0028624,10.623,-4.0366,-9.419,4.7376,-2.8628,2.2258,6.0432,-2.5619,9.595,3.3973,-2.2536,2.979,9.0011,-0.8763,0.72221,-3.1262,-1.6733,-6.5024,6.5926,5.7894,-0.22477,2.8293,5.3257,8.6768,4.3878,0.16976,-5.0075
-0.031999,-7.6238,2.1214,1.7893,5.4093,-11.257,-11.983,-18.875,11.519,-9.7497,-11.765,-9.044,1.2534,-7.288,1.8701,0.36295,2.6657,3.3527,13.196,-2.6166,8.0481,-5.1992,11.346,-1.7626,2.2318,-9.8189,1.3732,-5.5523,3.1753,-13.264,6.967,4.546,-6.0328,0.17596,16.922,-10.662,3.2627,-3.7768,0.72214,2.6113,5.0099,7.1348,4.7986,1.3898,10.313,10.696,-1.0078,4.3033,-9.0551,-3.1334
1.4428,7.5371,-7.6647,12.412,1.7196,-3.349,0.18926,-13.209,13.756,-12.091,3.1725,-3.2379,-2.9648,-1.7802,6.6664,-2.0606,7.6732,1.4507,-2.3986,-3.6429,6.6349,-5.8842,3.9031,-3.6055,8.9252,1.1977,1.2922,3.2443,2.8861,2.4102,11.313,1.3297,0.20294,12.995,10.375,-8.5587,-5.2173,7.098,3.0653,-2.701,-13.372,4.4363,3.0244,7.5233,4.3889,6.9529,9.4483,11.954,-10.761,5.1211
1.7701,1.3032,10.755,7.9397,5.4618,-3.2006,-5.2673,14.983,8.1525,1.1841,8.8645,4.9369,2.4525,-1.8303,-5.7889,3.9934,-2.7179,-6.8547,-9.147,-3.1805,-7.5092,8.2897,8.8113,-4.2052,-3.1365,-18.91,7.1332,3.4073,-10.732,6.122,0.62219,4.1459,-8.7646,-9.4515,1.0044,0.17018,-4.4726,-1.8708,3.9007,-3.7325,2.0771,3.1263,-1.9476,-13.291,-1.9406,1.0022,-3.0337,4.3596,0.73641,-0.37029
4.3006,3.8353,2.3616,-1.5521,-0.91813,2.4637,8.8764,-0.33336,5.5721,8.1243,-1.7168,-0.81657,-3.2351,5.5243,3.2881,0.69543,3.3853,4.5148,-1.9214,1.4553,7.1312,5.7772,-0.72885,-3.2395,12.112,6.5353,-4.5669,2.8668,-7.281,-6.4212,2.267,3.059,2.0772,-7.71,-0.79351,-4.688,5.1486,-3.012,1.4893,4.0531,-0.48337,0.7869,-4.6822,1.6104,-3.4283,-2.2936,-2.9397,-5.8264,7.7961,-0.54211
-4.5683,-5.41,2.4139,7.2595,1.7635,-5.3825,-3.7543,0.12575,5.0452,6.1165,4.8495,-2.2975,-3.4409,-0.8201,3.607,-9.6803,9.3374,10.796,-5.1322,-4.9385,9.7653,4.8611,6.8944,7.6906,-7.4469,-2.8472,-9.9856,-3.4675,-7.2626,-2.9161,-2.0039,-2.9214,1.0505,-13.807,2.7186,-11.314,1.0631,-0.048343,5.3499,-6.0923,-5.792,-10.845,-8.3021,-5.2957,-3.4091,6.1512,14.578,0.95865,-0.083347,-10.018
